source_type;source_system;schema_name;table_name;column_name;ordinal_position;is_nullable;data_type;character_maximum_length;numeric_precision;numeric_scale;datetime_precision;active_ind;business_name;window_date_column;filter_column;business_key_ind;distinct_ind;special_ind;comment
db;api;api;g_account;id;1;YES;int4;;32;0;;1;;;;1;0;0;
db;api;api;g_account;created;2;YES;timestamp;;;;6;1;;;;0;0;0;
db;api;api;g_account;created_by;3;YES;varchar;100;;;;0;;;;0;0;0;
db;api;api;g_account;modified;4;YES;timestamp;;;;6;1;;;;0;0;0;
db;api;api;g_account;modified_by;5;YES;varchar;100;;;;0;;;;0;0;0;
db;api;api;g_account;status_id;6;NO;int4;;32;0;;1;;;;0;0;0;
db;api;api;g_account;user_id;7;NO;int4;;32;0;;1;;;;0;0;0;
db;api;api;g_account;partner_id;8;NO;int4;;32;0;;1;;;;0;0;0;
db;api;api;g_account;ext_partner_ref;9;NO;varchar;500;;;;0;;;;0;0;0;
db;api;api;g_account;ref_id;10;YES;varchar;100;;;;1;;;;0;0;0;
db;api;api;g_account_attribute;id;1;NO;int4;;32;0;;1;;;;1;0;0;
db;api;api;g_account_attribute;account_attribute_group_id;2;NO;int4;;32;0;;1;;;;0;0;0;
db;api;api;g_account_attribute;account_attribute_name_id;3;NO;int4;;32;0;;1;;;;0;0;0;
db;api;api;g_account_attribute_group;id;1;NO;int4;;32;0;;1;;;;1;0;0;
db;api;api;g_account_attribute_group;name;2;NO;varchar;20;;;;1;;;;0;0;0;
db;api;api;g_account_attribute_name;id;1;NO;int4;;32;0;;1;;;;1;0;0;
db;api;api;g_account_attribute_name;name;2;NO;varchar;20;;;;1;;;;0;0;0;
db;api;api;g_account_attribute_value;id;1;NO;bigint;;64;0;;1;;;;1;0;0;
db;api;api;g_account_attribute_value;account_id;2;YES;integer;;32;0;;1;;;;0;0;0;
db;api;api;g_account_attribute_value;account_attribute_id;3;NO;integer;;32;0;;1;;;;0;0;0;
db;api;api;g_account_attribute_value;value;4;NO;character varying;100;;;;1;;;;0;0;0;
db;api;api;g_account_attribute_value;created;5;YES;timestamp without time zone;;;;6;0;;;;0;0;0;
db;api;api;g_account_attribute_value;created_by;6;YES;character varying;100;;;;0;;;;0;0;0;
db;api;api;g_account_attribute_value;modified;7;YES;timestamp without time zone;;;;6;1;;;;0;0;0;
db;api;api;g_account_attribute_value;modified_by;8;YES;character varying;100;;;;0;;;;0;0;0;
db;api;api;g_account_partner_attribute;id;1;NO;integer;;32;0;;0;;;;0;0;0;
db;api;api;g_account_partner_attribute;partner_id;2;NO;integer;;32;0;;0;;;;0;0;0;
db;api;api;g_account_partner_attribute;account_attribute_id;3;NO;integer;;32;0;;0;;;;0;0;0;
db;api;api;g_account_transactions;id;1;NO;bigint;;64;0;;0;;;;0;0;0;
db;api;api;g_account_transactions;ref_id;2;YES;character varying;200;;;;0;;;;0;0;0;
db;api;api;g_account_transactions;created;3;YES;timestamp without time zone;;;;6;0;;;;0;0;0;
db;api;api;g_account_transactions;created_by;4;YES;character varying;100;;;;0;;;;0;0;0;
db;api;api;g_account_transactions;modified;5;YES;timestamp without time zone;;;;6;0;;;;0;0;0;
db;api;api;g_account_transactions;modified_by;6;YES;character varying;100;;;;0;;;;0;0;0;
db;api;api;g_account_transactions;account_id;7;NO;integer;;32;0;;0;;;;0;0;0;
db;api;api;g_account_transactions;transaction_id;8;YES;bigint;;64;0;;0;;;;0;0;0;
db;api;api;g_account_transactions;name;9;NO;character varying;100;;;;0;;;;0;0;0;
db;api;api;g_account_transactions;amount;10;YES;bigint;;64;0;;0;;;;0;0;0;
db;api;api;g_account_transactions;country_currency_id;11;YES;integer;;32;0;;0;;;;0;0;0;
db;api;api;g_account_transactions;description;12;YES;character varying;100;;;;0;;;;0;0;0;
db;api;api;g_account_transactions;recipient_iban;13;YES;character varying;100;;;;0;;;;0;0;0;
db;api;api;g_account_transactions;recipient_bic;14;YES;character varying;100;;;;0;;;;0;0;0;
db;api;api;g_account_transactions;recipient_name;15;YES;character varying;100;;;;0;;;;0;0;0;
db;api;api;g_account_transactions;end_to_end_id;16;YES;character varying;100;;;;0;;;;0;0;0;
db;api;api;g_address;id;1;NO;integer;;32;0;;1;;;;1;0;0;
db;api;api;g_address;created;2;YES;timestamp without time zone;;;;6;0;;;;0;0;0;
db;api;api;g_address;created_by;3;YES;character varying;100;;;;0;;;;0;0;0;
db;api;api;g_address;modified;4;YES;timestamp without time zone;;;;6;1;;;;0;0;0;
db;api;api;g_address;modified_by;5;YES;character varying;100;;;;0;;;;0;0;0;
db;api;api;g_address;user_id;6;YES;integer;;32;0;;1;;;;0;0;0;
db;api;api;g_address;address_type_id;7;NO;integer;;32;0;;1;;;;0;0;0;
db;api;api;g_address;country_state_id;8;YES;integer;;32;0;;1;;;;0;0;0;
db;api;api;g_address;line_1;9;YES;character varying;100;;;;0;;;;0;0;0;
db;api;api;g_address;line_2;10;YES;character varying;100;;;;0;;;;0;0;0;
db;api;api;g_address;postal_code;11;YES;character varying;100;;;;1;;;;0;0;0;
db;api;api;g_address;city;12;YES;character varying;100;;;;1;;;;0;0;0;
db;api;api;g_address_proof_type;id;1;NO;integer;;32;0;;0;;;;0;0;0;
db;api;api;g_address_proof_type;address_proof_type;2;NO;text;;;;;0;;;;0;0;0;
db;api;api;g_address_type;id;1;NO;integer;;32;0;;1;;;;1;0;0;
db;api;api;g_address_type;name;2;NO;character varying;20;;;;1;;;;0;0;0;
db;api;api;g_all_booking_view;id;1;YES;text;;;;;0;;;;0;0;0;
db;api;api;g_all_booking_view;account_id;2;YES;integer;;32;0;;0;;;;0;0;0;
db;api;api;g_all_booking_view;timestamp;3;YES;timestamp without time zone;;;;6;0;;;;0;0;0;
db;api;api;g_all_booking_view;search_string;4;YES;character varying;5000;;;;0;;;;0;0;0;
db;api;api;g_all_booking_view;booking_id;5;YES;bigint;;64;0;;0;;;;0;0;0;
db;api;api;g_all_booking_view;reservation_id;6;YES;bigint;;64;0;;0;;;;0;0;0;
db;api;api;g_all_booking_view;transaction_id;7;YES;bigint;;64;0;;0;;;;0;0;0;
db;api;api;g_atm_withdrawal_month_counter;year_month;1;NO;date;;;;0;0;;;;0;0;0;
db;api;api;g_atm_withdrawal_month_counter;counter;2;YES;integer;;32;0;;0;;;;0;0;0;
db;api;api;g_atm_withdrawal_month_counter;card_id;3;NO;integer;;32;0;;0;;;;0;0;0;
db;api;api;g_atm_withdrawal_month_counter;creation_date;4;NO;timestamp with time zone;;;;4;0;;;;0;0;0;
db;api;api;g_atm_withdrawal_month_counter;modified;5;NO;timestamp with time zone;;;;4;0;;;;0;0;0;
db;api;api;g_atm_withdrawal_month_counter;account_id;6;YES;integer;;32;0;;0;;;;0;0;0;
db;api;api;g_attribute;id;1;NO;integer;;32;0;;0;;;;0;0;0;
db;api;api;g_attribute;datatype_id;2;NO;integer;;32;0;;0;;;;0;0;0;
db;api;api;g_attribute;name;3;NO;character varying;100;;;;0;;;;0;0;0;
db;api;api;g_attribute;description;4;NO;character varying;100;;;;0;;;;0;0;0;
db;api;api;g_authority;id;1;NO;integer;;32;0;;0;;;;0;0;0;
db;api;api;g_authorization;id;1;NO;integer;;32;0;;0;;;;0;0;0;
db;api;api;g_authorization;ref_id;2;YES;text;;;;;0;;;;0;0;0;
db;api;api;g_authorization;created;3;YES;timestamp without time zone;;;;6;0;;;;0;0;0;
db;api;api;g_authorization;created_by;4;YES;text;;;;;0;;;;0;0;0;
db;api;api;g_authorization;modified;5;YES;timestamp without time zone;;;;6;0;;;;0;0;0;
db;api;api;g_authorization;modified_by;6;YES;text;;;;;0;;;;0;0;0;
db;api;api;g_authorization;account_id;7;NO;integer;;32;0;;0;;;;0;0;0;
db;api;api;g_authorization;external_ref;8;YES;text;;;;;0;;;;0;0;0;
db;api;api;g_authorization;authorization_type_id;9;NO;integer;;32;0;;0;;;;0;0;0;
db;api;api;g_authorization;status_id;10;NO;integer;;32;0;;0;;;;0;0;0;
db;api;api;g_authorization;updated_at;11;YES;timestamp without time zone;;;;6;0;;;;0;0;0;
db;api;api;g_authorization;url;12;YES;text;;;;;0;;;;0;0;0;
db;api;api;g_authorization;response_body;13;YES;text;;;;;0;;;;0;0;0;
db;api;api;g_authorization;response_code;14;YES;integer;;32;0;;0;;;;0;0;0;
db;api;api;g_authorization_type;id;1;NO;integer;;32;0;;0;;;;0;0;0;
db;api;api;g_authorization_type;name;2;NO;character varying;255;;;;0;;;;0;0;0;
db;api;api;g_authorization_type;description;3;YES;character varying;255;;;;0;;;;0;0;0;
db;api;api;g_booking_category;id;1;NO;int4;;32;0;;1;;;;1;0;0;
db;api;api;g_booking_category;tomorrow_category;2;YES;text;;;;;1;;;;0;0;0;
db;api;api;g_booking_category;identifier;3;YES;text;;;;;1;;;;0;0;0;
db;api;api;g_booking_category;category_enum;4;YES;text;;;;;1;;;;0;0;0;
db;api;api;g_booking_category_mapping;id;1;NO;int8;;64;0;;1;;;;1;0;0;
db;api;api;g_booking_category_mapping;ref_id;2;YES;text;;;;;0;;;;0;0;0;
db;api;api;g_booking_category_mapping;created;3;YES;timestamp;;;;6;0;;;;0;0;0;
db;api;api;g_booking_category_mapping;created_by;4;YES;text;;;;;0;;;;0;0;0;
db;api;api;g_booking_category_mapping;modified;5;YES;timestamp;;;;6;1;;;;0;0;0;
db;api;api;g_booking_category_mapping;modified_by;6;YES;text;;;;;0;;;;0;0;0;
db;api;api;g_booking_category_mapping;booking_category_mapping_type_id;7;NO;int4;;32;0;;1;;;;0;0;0;
db;api;api;g_booking_category_mapping;booking_category_id;8;NO;int4;;32;0;;1;;;;0;0;0;
db;api;api;g_booking_category_mapping;booking_id;9;NO;int8;;64;0;;1;;;;0;0;0;
db;api;api;g_booking_category_mapping_type;id;1;NO;int4;;32;0;;1;;;;1;0;0;
db;api;api;g_booking_category_mapping_type;name;2;NO;text;;;;;1;;;;0;0;0;
db;api;api;g_booking_category_mapping_type;description;3;YES;text;;;;;1;;;;0;0;0;
db;api;api;g_booking_duplicate;id;1;NO;bigint;;64;0;;0;;;;0;0;0;
db;api;api;g_booking_duplicate;created_at;2;YES;timestamp without time zone;;;;6;0;;;;0;0;0;
db;api;api;g_booking_duplicate;external_ref;3;NO;character varying;36;;;;0;;;;0;0;0;
db;api;api;g_booking_duplicate;hash;4;NO;character varying;255;;;;0;;;;0;0;0;
db;api;api;g_booking_hash;id;1;NO;bigint;;64;0;;0;;;;0;0;0;
db;api;api;g_booking_hash;created_at;2;YES;timestamp without time zone;;;;6;0;;;;0;0;0;
db;api;api;g_booking_hash;external_ref;3;NO;character varying;36;;;;0;;;;0;0;0;
db;api;api;g_booking_hash;hash;4;NO;character varying;255;;;;0;;;;0;0;0;
db;api;api;g_booking_type;id;1;NO;int4;;32;0;;1;;;;1;0;0;
db;api;api;g_booking_type;name;2;NO;varchar;255;;;;1;;;;0;0;0;
db;api;api;g_booking_type;description;3;YES;varchar;255;;;;1;;;;0;0;0;
db;api;api;g_bookings;id;1;NO;int8;;64;0;;1;;;;1;0;0;
db;api;api;g_bookings;ref_id;2;YES;varchar;200;;;;1;;;;0;0;0;
db;api;api;g_bookings;created;3;YES;timestamp;;;;6;1;;;;0;0;0;
db;api;api;g_bookings;created_by;4;YES;varchar;100;;;;0;;;;0;0;0;
db;api;api;g_bookings;modified;5;YES;timestamp;;;;6;1;;;;0;0;0;
db;api;api;g_bookings;modified_by;6;YES;varchar;100;;;;0;;;;0;0;0;
db;api;api;g_bookings;external_ref;7;YES;varchar;500;;;;0;;;;0;0;0;
db;api;api;g_bookings;account_id;8;NO;int4;;32;0;;1;;;;0;0;0;
db;api;api;g_bookings;creation_date;9;YES;date;;;;0;1;;;;0;0;0;
db;api;api;g_bookings;valuta_date;10;YES;date;;;;0;1;;;;0;0;0;
db;api;api;g_bookings;booking_date;11;YES;date;;;;0;1;;;;0;0;0;
db;api;api;g_bookings;booking_type_id;12;NO;int4;;32;0;;1;;;;0;0;0;
db;api;api;g_bookings;amount;13;YES;int8;;64;0;;1;;;;0;0;0;
db;api;api;g_bookings;country_currency_id;14;NO;int4;;32;0;;1;;;;0;0;0;
db;api;api;g_bookings;description;15;YES;text;;;;;0;;;;0;0;0;
db;api;api;g_bookings;recipient_bic;16;YES;text;;;;;0;;;;0;0;0;
db;api;api;g_bookings;recipient_iban;17;YES;text;;;;;0;;;;0;0;0;
db;api;api;g_bookings;recipient_name;18;YES;text;;;;;0;;;;0;0;0;
db;api;api;g_bookings;sender_bic;19;YES;text;;;;;0;;;;0;0;0;
db;api;api;g_bookings;sender_iban;20;YES;text;;;;;0;;;;0;0;0;
db;api;api;g_bookings;sender_name;21;YES;text;;;;;0;;;;0;0;0;
db;api;api;g_bookings;end_to_end_id;22;YES;text;;;;;0;;;;0;0;0;
db;api;api;g_bookings;creditor_identifier;23;YES;text;;;;;0;;;;0;0;0;
db;api;api;g_bookings;mandate_reference;24;YES;text;;;;;0;;;;0;0;0;
db;api;api;g_bookings;transaction_id;25;YES;text;;;;;0;;;;0;0;0;
db;api;api;g_bookings;return_transaction_id;26;YES;text;;;;;0;;;;0;0;0;
db;api;api;g_bookings;sepa_return_code;27;YES;text;;;;;1;;;;0;0;0;
db;api;api;g_bookings;sepa_return_reason;28;YES;text;;;;;1;;;;0;0;0;
db;api;api;g_bookings;sepa_return_reason_definition;29;YES;text;;;;;1;;;;0;0;0;
db;api;api;g_bookings;meta_info;30;YES;text;;;;;0;;;;0;0;0;
db;api;api;g_bookings;recorded_at;31;YES;timestamp;;;;6;0;;;;0;0;0;
db;api;api;g_bookings;reconciliation_id;32;YES;text;;;;;0;;;;0;0;0;
db;api;api;g_bookings;timestamp;33;YES;timestamp;;;;6;1;;;;0;0;0;
db;api;api;g_bookings;search_string;34;YES;character varying;5000;;;;0;;;;0;0;0;
db;api;api;g_card;id;1;NO;int4;;32;0;;1;;;;1;0;0;
db;api;api;g_card;ref_id;2;YES;varchar;200;;;;1;;;;0;0;0;
db;api;api;g_card;created;3;YES;timestamp;;;;6;1;;;;0;0;0;
db;api;api;g_card;created_by;4;YES;varchar;100;;;;0;;;;0;0;0;
db;api;api;g_card;modified;5;YES;timestamp;;;;6;1;;;;0;0;0;
db;api;api;g_card;modified_by;6;YES;varchar;100;;;;0;;;;0;0;0;
db;api;api;g_card;external_ref;7;YES;varchar;500;;;;0;;;;0;0;0;
db;api;api;g_card;account_id;8;NO;int4;;32;0;;1;;;;0;0;0;
db;api;api;g_card;card_type_id;9;NO;int4;;32;0;;1;;;;0;0;0;
db;api;api;g_card;status_id;10;NO;int4;;32;0;;1;;;;0;0;0;
db;api;api;g_card;card_representation_id;11;YES;int4;;32;0;;1;;;;0;0;0;
db;api;api;g_card;expiration_date;12;YES;date;;;;0;1;;;;0;0;0;
db;api;api;g_card;person_ext_ref;13;YES;varchar;500;;;;0;;;;0;0;0;
db;api;api;g_card;account_ext_ref;14;YES;varchar;500;;;;0;;;;0;0;0;
db;api;api;g_card;business_ext_ref;15;YES;varchar;500;;;;0;;;;0;0;0;
db;api;api;g_card;pin_set;16;YES;bool;;;;;0;;;;0;0;0;
db;api;api;g_card_authorization;id;1;NO;integer;;32;0;;0;;;;0;0;0;
db;api;api;g_card_authorization;card_id;2;NO;integer;;32;0;;0;;;;0;0;0;
db;api;api;g_card_authorization;authorization_id;3;NO;integer;;32;0;;0;;;;0;0;0;
db;api;api;g_card_limit;id;1;NO;integer;;32;0;;0;;;;0;0;0;
db;api;api;g_card_limit;card_id;2;NO;integer;;32;0;;0;;;;0;0;0;
db;api;api;g_card_limit;daily_max_amount_cents;3;NO;bigint;;64;0;;0;;;;0;0;0;
db;api;api;g_card_limit;daily_max_transactions;4;NO;integer;;32;0;;0;;;;0;0;0;
db;api;api;g_card_limit;monthly_max_amount_cents;5;NO;bigint;;64;0;;0;;;;0;0;0;
db;api;api;g_card_limit;monthly_max_transactions;6;NO;integer;;32;0;;0;;;;0;0;0;
db;api;api;g_card_limit;limit_type_id;7;NO;integer;;32;0;;0;;;;0;0;0;
db;api;api;g_card_limit_type;id;1;NO;integer;;32;0;;0;;;;0;0;0;
db;api;api;g_card_limit_type;daily_limit_cents;2;NO;bigint;;64;0;;0;;;;0;0;0;
db;api;api;g_card_limit_type;daily_limit_transactions;3;NO;integer;;32;0;;0;;;;0;0;0;
db;api;api;g_card_limit_type;limit_type;4;NO;character varying;50;;;;0;;;;0;0;0;
db;api;api;g_card_limit_type;monthly_limit_cents;5;NO;bigint;;64;0;;0;;;;0;0;0;
db;api;api;g_card_limit_type;monthly_limit_transactions;6;NO;integer;;32;0;;0;;;;0;0;0;
db;api;api;g_card_merchant;id;1;NO;int8;;64;0;;1;;;;1;0;0;
db;api;api;g_card_merchant;ref_id;2;YES;text;;;;;1;;;;0;0;0;
db;api;api;g_card_merchant;created;3;YES;timestamp;;;;6;0;;;;0;0;0;
db;api;api;g_card_merchant;created_by;4;YES;text;;;;;0;;;;0;0;0;
db;api;api;g_card_merchant;modified;5;YES;timestamp;;;;6;1;;;;0;0;0;
db;api;api;g_card_merchant;modified_by;6;YES;text;;;;;0;;;;0;0;0;
db;api;api;g_card_merchant;country_id;7;YES;int4;;32;0;;1;;;;0;0;0;
db;api;api;g_card_merchant;category_code;8;YES;text;;;;;1;;;;0;0;0;
db;api;api;g_card_merchant;name;9;YES;text;;;;;1;;;;0;0;0;
db;api;api;g_card_merchant;town;10;YES;text;;;;;1;;;;0;0;0;
db;api;api;g_card_metadata;id;1;NO;bigint;;64;0;;1;;;;1;0;0;
db;api;api;g_card_metadata;ref_id;2;YES;text;;;;;1;;;;0;0;0;
db;api;api;g_card_metadata;created;3;YES;timestamp without time zone;;;;6;1;;;;0;0;0;
db;api;api;g_card_metadata;created_by;4;YES;text;;;;;0;;;;0;0;0;
db;api;api;g_card_metadata;modified;5;YES;timestamp without time zone;;;;6;1;;;;0;0;0;
db;api;api;g_card_metadata;modified_by;6;YES;text;;;;;0;;;;0;0;0;
db;api;api;g_card_metadata;booking_id;7;NO;bigint;;64;0;;1;;;;0;0;0;
db;api;api;g_card_metadata;card_id;8;NO;integer;;32;0;;1;;;;0;0;0;
db;api;api;g_card_metadata;external_reservation_id;9;YES;text;;;;;0;;;;0;0;0;
db;api;api;g_card_metadata;transaction_time;10;YES;timestamp without time zone;;;;6;1;;;;0;0;0;
db;api;api;g_card_metadata;merchant_id;11;NO;bigint;;64;0;;1;;;;0;0;0;
db;api;api;g_card_metadata;pos_entry_mode_id;12;NO;integer;;32;0;;1;;;;0;0;0;
db;api;api;g_card_metadata;transaction_type;13;YES;text;;;;;1;;;;0;0;0;
db;api;api;g_card_metadata;currency_id;14;NO;integer;;32;0;;1;;;;0;0;0;
db;api;api;g_card_metadata;unit;15;YES;text;;;;;1;;;;0;0;0;
db;api;api;g_card_metadata;value;16;NO;bigint;;64;0;;1;;;;0;0;0;
db;api;api;g_card_metadata;fx_rate;17;NO;text;;;;;1;;;;0;0;0;
db;api;api;g_card_metadata;transaction_date;18;YES;date;;;;0;1;;;;0;0;0;
db;api;api;g_card_metadata;trace_id;19;YES;text;;;;;0;;;;0;0;0;
db;api;api;g_card_name_shortening_patterns;id;1;NO;integer;;32;0;;0;;;;0;0;0;
db;api;api;g_card_name_shortening_patterns;abbreviation;2;YES;character varying;255;;;;0;;;;0;0;0;
db;api;api;g_card_name_shortening_patterns;long_version;3;YES;character varying;255;;;;0;;;;0;0;0;
db;api;api;g_card_pin_change;id;1;NO;bigint;;64;0;;0;;;;0;0;0;
db;api;api;g_card_pin_change;created;2;YES;timestamp without time zone;;;;6;0;;;;0;0;0;
db;api;api;g_card_pin_change;modified;3;YES;timestamp without time zone;;;;6;0;;;;0;0;0;
db;api;api;g_card_pin_change;card_id;4;NO;integer;;32;0;;0;;;;0;0;0;
db;api;api;g_card_pin_change;authorization_id;5;NO;integer;;32;0;;0;;;;0;0;0;
db;api;api;g_card_pin_change;status_id;6;NO;integer;;32;0;;0;;;;0;0;0;
db;api;api;g_card_pos_entry_mode;id;1;NO;int4;;32;0;;1;;;;1;0;0;
db;api;api;g_card_pos_entry_mode;name;2;YES;text;;;;;1;;;;0;0;0;
db;api;api;g_card_pos_entry_mode;description;3;YES;text;;;;;1;;;;0;0;0;
db;api;api;g_card_representation;id;1;NO;integer;;32;0;;0;;;;0;0;0;
db;api;api;g_card_representation;line_1;2;YES;character varying;255;;;;0;;;;0;0;0;
db;api;api;g_card_representation;masked_pan;3;YES;character varying;255;;;;0;;;;0;0;0;
db;api;api;g_card_representation;formatted_expiration_date;4;YES;character varying;255;;;;0;;;;0;0;0;
db;api;api;g_card_type;id;1;NO;integer;;32;0;;0;;;;0;0;0;
db;api;api;g_card_type;name;2;NO;character varying;255;;;;0;;;;0;0;0;
db;api;api;g_card_type;description;3;YES;character varying;255;;;;0;;;;0;0;0;
db;api;api;g_client;id;1;NO;integer;;32;0;;0;;;;0;0;0;
db;api;api;g_client;client_name;2;NO;character varying;100;;;;0;;;;0;0;0;
db;api;api;g_configuration;key;1;NO;character varying;255;;;;0;;;;0;0;0;
db;api;api;g_configuration;value;2;YES;character varying;500;;;;0;;;;0;0;0;
db;api;api;g_configuration;encrypted;3;NO;boolean;;;;;0;;;;0;0;0;
db;api;api;g_configuration;property_name;4;YES;character varying;100;;;;0;;;;0;0;0;
db;api;api;g_configuration;property_target;5;YES;character varying;100;;;;0;;;;0;0;0;
db;api;api;g_configuration;comment;6;YES;character varying;255;;;;0;;;;0;0;0;
db;api;api;g_country;id;1;YES;int4;;32;0;;1;;;;1;0;0;
db;api;api;g_country;isoname;2;YES;varchar;20;;;;1;;;;0;0;0;
db;api;api;g_country;name;3;YES;varchar;20;;;;1;;;;0;0;0;
db;api;api;g_country_currency;id;1;NO;integer;;32;0;;1;;;;1;0;0;
db;api;api;g_country_currency;country_id;2;NO;integer;;32;0;;1;;;;0;0;0;
db;api;api;g_country_currency;currency_unit_id;3;NO;integer;;32;0;;1;;;;0;0;0;
db;api;api;g_country_currency;name;4;NO;character varying;100;;;;1;;;;0;0;0;
db;api;api;g_country_state;id;1;NO;integer;;32;0;;1;;;;1;0;0;
db;api;api;g_country_state;country_id;2;NO;integer;;32;0;;1;;;;0;0;0;
db;api;api;g_country_state;state_id;3;NO;integer;;32;0;;1;;;;0;0;0;
db;api;api;g_currency;id;1;NO;integer;;32;0;;1;;;;1;0;0;
db;api;api;g_currency;code;2;NO;character varying;20;;;;1;;;;0;0;0;
db;api;api;g_currency;numeric_code;3;NO;integer;;32;0;;1;;;;0;0;0;
db;api;api;g_currency_unit;id;1;NO;integer;;32;0;;1;;;;1;0;0;
db;api;api;g_currency_unit;unit_id;2;NO;integer;;32;0;;1;;;;0;0;0;
db;api;api;g_currency_unit;currency_id;3;NO;integer;;32;0;;1;;;;0;0;0;
db;api;api;g_currency_unit;name;4;NO;character varying;100;;;;1;;;;0;0;0;
db;api;api;g_customer_type;id;1;NO;integer;;32;0;;0;;;;0;0;0;
db;api;api;g_customer_type;customer_type;2;NO;character varying;15;;;;0;;;;0;0;0;
db;api;api;g_daily_spending;id;1;NO;integer;;32;0;;0;;;;0;0;0;
db;api;api;g_daily_spending;card_id;2;NO;integer;;32;0;;0;;;;0;0;0;
db;api;api;g_daily_spending;spending_date;3;NO;date;;;;;0;;;;0;0;0;
db;api;api;g_daily_spending;spent_cents;4;NO;bigint;;64;0;;0;;;;0;0;0;
db;api;api;g_daily_spending;spent_count;5;NO;integer;;32;0;;0;;;;0;0;0;
db;api;api;g_daily_spending;version;6;NO;integer;;32;0;;0;;;;0;0;0;
db;api;api;g_daily_spending;limit_type_id;7;NO;integer;;32;0;;0;;;;0;0;0;
db;api;api;g_datatype;id;1;NO;integer;;32;0;;0;;;;0;0;0;
db;api;api;g_datatype;name;2;NO;character varying;100;;;;0;;;;0;0;0;
db;api;api;g_datatype;description;3;NO;character varying;100;;;;0;;;;0;0;0;
db;api;api;g_direct_debit;id;1;NO;bigint;;64;0;;0;;;;0;0;0;
db;api;api;g_direct_debit;amount;2;NO;bigint;;64;0;;0;;;;0;0;0;
db;api;api;g_direct_debit;collection_date;3;NO;date;;;;0;0;;;;0;0;0;
db;api;api;g_direct_debit;created;4;YES;timestamp without time zone;;;;6;0;;;;0;0;0;
db;api;api;g_direct_debit;description;5;YES;character varying;140;;;;0;;;;0;0;0;
db;api;api;g_direct_debit;end_to_end_id;6;YES;character varying;50;;;;0;;;;0;0;0;
db;api;api;g_direct_debit;external_ref;7;NO;character varying;50;;;;0;;;;0;0;0;
db;api;api;g_direct_debit;modified;8;YES;timestamp without time zone;;;;6;0;;;;0;0;0;
db;api;api;g_direct_debit;ref_id;9;NO;character varying;36;;;;0;;;;0;0;0;
db;api;api;g_direct_debit;reference;10;NO;character varying;50;;;;0;;;;0;0;0;
db;api;api;g_direct_debit;country_currency_id;11;NO;integer;;32;0;;0;;;;0;0;0;
db;api;api;g_direct_debit;mandate_id;12;NO;bigint;;64;0;;0;;;;0;0;0;
db;api;api;g_direct_debit;status_id;13;NO;integer;;32;0;;0;;;;0;0;0;
db;api;api;g_direct_debit_mandate;id;1;NO;bigint;;64;0;;0;;;;0;0;0;
db;api;api;g_direct_debit_mandate;created;2;YES;timestamp without time zone;;;;6;0;;;;0;0;0;
db;api;api;g_direct_debit_mandate;creditor_identifier;3;NO;character varying;50;;;;0;;;;0;0;0;
db;api;api;g_direct_debit_mandate;debtor_bic;4;YES;character varying;255;;;;0;;;;0;0;0;
db;api;api;g_direct_debit_mandate;debtor_iban;5;NO;character varying;255;;;;0;;;;0;0;0;
db;api;api;g_direct_debit_mandate;debtor_name;6;NO;character varying;70;;;;0;;;;0;0;0;
db;api;api;g_direct_debit_mandate;modified;7;YES;timestamp without time zone;;;;6;0;;;;0;0;0;
db;api;api;g_direct_debit_mandate;ref_id;8;NO;character varying;36;;;;0;;;;0;0;0;
db;api;api;g_direct_debit_mandate;reference;9;NO;character varying;50;;;;0;;;;0;0;0;
db;api;api;g_direct_debit_mandate;signature_date;10;NO;date;;;;0;0;;;;0;0;0;
db;api;api;g_direct_debit_mandate;account_id;11;NO;integer;;32;0;;0;;;;0;0;0;
db;api;api;g_direct_debit_mandate;scheme_id;12;NO;integer;;32;0;;0;;;;0;0;0;
db;api;api;g_direct_debit_mandate;sequence_type_id;13;NO;integer;;32;0;;0;;;;0;0;0;
db;api;api;g_direct_debit_return;id;1;NO;bigint;;64;0;;0;;;;0;0;0;
db;api;api;g_direct_debit_return;amount;2;NO;bigint;;64;0;;0;;;;0;0;0;
db;api;api;g_direct_debit_return;bank_account_external_ref;3;NO;character varying;50;;;;0;;;;0;0;0;
db;api;api;g_direct_debit_return;created;4;YES;timestamp without time zone;;;;6;0;;;;0;0;0;
db;api;api;g_direct_debit_return;creditor_iban;5;NO;character varying;255;;;;0;;;;0;0;0;
db;api;api;g_direct_debit_return;creditor_identifier;6;NO;character varying;50;;;;0;;;;0;0;0;
db;api;api;g_direct_debit_return;creditor_name;7;NO;character varying;255;;;;0;;;;0;0;0;
db;api;api;g_direct_debit_return;customer_external_ref;8;NO;character varying;50;;;;0;;;;0;0;0;
db;api;api;g_direct_debit_return;description;9;YES;character varying;255;;;;0;;;;0;0;0;
db;api;api;g_direct_debit_return;end_to_end_id;10;YES;character varying;50;;;;0;;;;0;0;0;
db;api;api;g_direct_debit_return;external_ref;11;NO;character varying;50;;;;0;;;;0;0;0;
db;api;api;g_direct_debit_return;mandate_reference;12;NO;character varying;50;;;;0;;;;0;0;0;
db;api;api;g_direct_debit_return;modified;13;YES;timestamp without time zone;;;;6;0;;;;0;0;0;
db;api;api;g_direct_debit_return;recorded_at;14;NO;timestamp without time zone;;;;6;0;;;;0;0;0;
db;api;api;g_direct_debit_return;ref_id;15;NO;character varying;36;;;;0;;;;0;0;0;
db;api;api;g_direct_debit_return;sepa_return_code;16;NO;character varying;15;;;;0;;;;0;0;0;
db;api;api;g_direct_debit_return;currency_unit_id;17;NO;integer;;32;0;;0;;;;0;0;0;
db;api;api;g_direct_debit_return;customer_type_id;18;NO;integer;;32;0;;0;;;;0;0;0;
db;api;api;g_direct_debit_scheme;id;1;NO;integer;;32;0;;0;;;;0;0;0;
db;api;api;g_direct_debit_scheme;scheme;2;NO;character varying;15;;;;0;;;;0;0;0;
db;api;api;g_direct_debit_sequence_type;id;1;NO;integer;;32;0;;0;;;;0;0;0;
db;api;api;g_direct_debit_sequence_type;sequence_type;2;NO;character varying;15;;;;0;;;;0;0;0;
db;api;api;g_direct_debit_status;id;1;NO;integer;;32;0;;0;;;;0;0;0;
db;api;api;g_direct_debit_status;status;2;NO;character varying;15;;;;0;;;;0;0;0;
db;api;api;g_document;id;1;NO;integer;;32;0;;0;;;;0;0;0;
db;api;api;g_document;external_ref;2;YES;character varying;100;;;;0;;;;0;0;0;
db;api;api;g_document;identification_id;3;NO;integer;;32;0;;0;;;;0;0;0;
db;api;api;g_document;name;4;YES;character varying;100;;;;0;;;;0;0;0;
db;api;api;g_document;content_type;5;YES;character varying;100;;;;0;;;;0;0;0;
db;api;api;g_document;document_type;6;YES;character varying;100;;;;0;;;;0;0;0;
db;api;api;g_document;size;7;YES;bigint;;64;0;;0;;;;0;0;0;
db;api;api;g_employment_status;id;1;NO;int4;;32;0;;1;;;;1;0;0;
db;api;api;g_employment_status;name;2;NO;varchar;100;;;;1;;;;0;0;0;
db;api;api;geodb_changelog;id;1;NO;integer;;32;0;;0;;;;0;0;0;
db;api;api;geodb_changelog;datum;2;NO;date;;;;0;0;;;;0;0;0;
db;api;api;geodb_changelog;beschreibung;3;NO;text;;;;;0;;;;0;0;0;
db;api;api;geodb_changelog;autor;4;NO;character varying;50;;;;0;;;;0;0;0;
db;api;api;geodb_changelog;version;5;YES;character varying;8;;;;0;;;;0;0;0;
db;api;api;geodb_coordinates;loc_id;1;NO;integer;;32;0;;0;;;;0;0;0;
db;api;api;geodb_coordinates;coord_type;2;NO;integer;;32;0;;0;;;;0;0;0;
db;api;api;geodb_coordinates;lat;3;YES;double precision;;53;;;0;;;;0;0;0;
db;api;api;geodb_coordinates;lon;4;YES;double precision;;53;;;0;;;;0;0;0;
db;api;api;geodb_coordinates;coord_subtype;5;YES;integer;;32;0;;0;;;;0;0;0;
db;api;api;geodb_coordinates;valid_since;6;YES;date;;;;0;0;;;;0;0;0;
db;api;api;geodb_coordinates;date_type_since;7;YES;integer;;32;0;;0;;;;0;0;0;
db;api;api;geodb_coordinates;valid_until;8;NO;date;;;;0;0;;;;0;0;0;
db;api;api;geodb_coordinates;date_type_until;9;NO;integer;;32;0;;0;;;;0;0;0;
db;api;api;geodb_floatdata;loc_id;1;NO;integer;;32;0;;0;;;;0;0;0;
db;api;api;geodb_floatdata;float_type;2;NO;integer;;32;0;;0;;;;0;0;0;
db;api;api;geodb_floatdata;float_val;3;NO;double precision;;53;;;0;;;;0;0;0;
db;api;api;geodb_floatdata;valid_since;4;YES;date;;;;0;0;;;;0;0;0;
db;api;api;geodb_floatdata;date_type_since;5;YES;integer;;32;0;;0;;;;0;0;0;
db;api;api;geodb_floatdata;valid_until;6;NO;date;;;;0;0;;;;0;0;0;
db;api;api;geodb_floatdata;date_type_until;7;NO;integer;;32;0;;0;;;;0;0;0;
db;api;api;geodb_hierarchies;loc_id;1;NO;integer;;32;0;;0;;;;0;0;0;
db;api;api;geodb_hierarchies;level;2;NO;integer;;32;0;;0;;;;0;0;0;
db;api;api;geodb_hierarchies;id_lvl1;3;NO;integer;;32;0;;0;;;;0;0;0;
db;api;api;geodb_hierarchies;id_lvl2;4;YES;integer;;32;0;;0;;;;0;0;0;
db;api;api;geodb_hierarchies;id_lvl3;5;YES;integer;;32;0;;0;;;;0;0;0;
db;api;api;geodb_hierarchies;id_lvl4;6;YES;integer;;32;0;;0;;;;0;0;0;
db;api;api;geodb_hierarchies;id_lvl5;7;YES;integer;;32;0;;0;;;;0;0;0;
db;api;api;geodb_hierarchies;id_lvl6;8;YES;integer;;32;0;;0;;;;0;0;0;
db;api;api;geodb_hierarchies;id_lvl7;9;YES;integer;;32;0;;0;;;;0;0;0;
db;api;api;geodb_hierarchies;id_lvl8;10;YES;integer;;32;0;;0;;;;0;0;0;
db;api;api;geodb_hierarchies;id_lvl9;11;YES;integer;;32;0;;0;;;;0;0;0;
db;api;api;geodb_hierarchies;valid_since;12;YES;date;;;;0;0;;;;0;0;0;
db;api;api;geodb_hierarchies;date_type_since;13;YES;integer;;32;0;;0;;;;0;0;0;
db;api;api;geodb_hierarchies;valid_until;14;NO;date;;;;0;0;;;;0;0;0;
db;api;api;geodb_hierarchies;date_type_until;15;NO;integer;;32;0;;0;;;;0;0;0;
db;api;api;geodb_intdata;loc_id;1;NO;integer;;32;0;;0;;;;0;0;0;
db;api;api;geodb_intdata;int_type;2;NO;integer;;32;0;;0;;;;0;0;0;
db;api;api;geodb_intdata;int_val;3;NO;bigint;;64;0;;0;;;;0;0;0;
db;api;api;geodb_intdata;valid_since;4;YES;date;;;;0;0;;;;0;0;0;
db;api;api;geodb_intdata;date_type_since;5;YES;integer;;32;0;;0;;;;0;0;0;
db;api;api;geodb_intdata;valid_until;6;NO;date;;;;0;0;;;;0;0;0;
db;api;api;geodb_intdata;date_type_until;7;NO;integer;;32;0;;0;;;;0;0;0;
db;api;api;geodb_locations;loc_id;1;NO;integer;;32;0;;0;;;;0;0;0;
db;api;api;geodb_locations;loc_type;2;NO;integer;;32;0;;0;;;;0;0;0;
db;api;api;geodb_textdata;loc_id;1;NO;integer;;32;0;;0;;;;0;0;0;
db;api;api;geodb_textdata;text_type;2;NO;integer;;32;0;;0;;;;0;0;0;
db;api;api;geodb_textdata;text_val;3;NO;character varying;255;;;;0;;;;0;0;0;
db;api;api;geodb_textdata;text_locale;4;YES;character varying;5;;;;0;;;;0;0;0;
db;api;api;geodb_textdata;is_native_lang;5;YES;boolean;;;;;0;;;;0;0;0;
db;api;api;geodb_textdata;is_default_name;6;YES;boolean;;;;;0;;;;0;0;0;
db;api;api;geodb_textdata;valid_since;7;YES;date;;;;0;0;;;;0;0;0;
db;api;api;geodb_textdata;date_type_since;8;YES;integer;;32;0;;0;;;;0;0;0;
db;api;api;geodb_textdata;valid_until;9;NO;date;;;;0;0;;;;0;0;0;
db;api;api;geodb_textdata;date_type_until;10;NO;integer;;32;0;;0;;;;0;0;0;
db;api;api;geodb_type_names;type_id;1;NO;integer;;32;0;;0;;;;0;0;0;
db;api;api;geodb_type_names;type_locale;2;NO;character varying;5;;;;0;;;;0;0;0;
db;api;api;geodb_type_names;name;3;NO;character varying;255;;;;0;;;;0;0;0;
db;api;api;g_feature;id;1;NO;integer;;32;0;;0;;;;0;0;0;
db;api;api;g_feature;created;2;YES;timestamp without time zone;;;;6;0;;;;0;0;0;
db;api;api;g_feature;description;3;YES;character varying;255;;;;0;;;;0;0;0;
db;api;api;g_feature;feature;4;NO;character varying;50;;;;0;;;;0;0;0;
db;api;api;g_feature;modified;5;YES;timestamp without time zone;;;;6;0;;;;0;0;0;
db;api;api;g_feature_configuration;id;1;NO;integer;;32;0;;0;;;;0;0;0;
db;api;api;g_feature_configuration;created;2;YES;timestamp without time zone;;;;6;0;;;;0;0;0;
db;api;api;g_feature_configuration;enabled;3;NO;boolean;;;;;0;;;;0;0;0;
db;api;api;g_feature_configuration;modified;4;YES;timestamp without time zone;;;;6;0;;;;0;0;0;
db;api;api;g_feature_configuration;ref_id;5;NO;character varying;36;;;;0;;;;0;0;0;
db;api;api;g_feature_configuration;feature_id;6;NO;integer;;32;0;;0;;;;0;0;0;
db;api;api;g_feature_configuration;user_id;7;YES;integer;;32;0;;0;;;;0;0;0;
db;api;api;g_feature_version;id;1;NO;integer;;32;0;;0;;;;0;0;0;
db;api;api;g_feature_version;backend_version;2;NO;integer;;32;0;;0;;;;0;0;0;
db;api;api;g_feature_version;client_version;3;NO;bigint;;64;0;;0;;;;0;0;0;
db;api;api;g_feature_version;created;4;YES;timestamp without time zone;;;;6;0;;;;0;0;0;
db;api;api;g_feature_version;modified;5;YES;timestamp without time zone;;;;6;0;;;;0;0;0;
db;api;api;g_feature_version;ref_id;6;NO;character varying;36;;;;0;;;;0;0;0;
db;api;api;g_feature_version;client_id;7;NO;integer;;32;0;;0;;;;0;0;0;
db;api;api;g_feature_version;feature_id;8;NO;integer;;32;0;;0;;;;0;0;0;
db;api;api;g_fe_client;id;1;NO;integer;;32;0;;0;;;;0;0;0;
db;api;api;g_fe_client;client;2;NO;character varying;50;;;;0;;;;0;0;0;
db;api;api;g_fe_client;min_version;3;NO;bigint;;64;0;;0;;;;0;0;0;
db;api;api;g_fe_client;recommended_version;4;NO;bigint;;64;0;;0;;;;0;0;0;
db;api;api;g_fee_booking;id;1;NO;bigint;;64;0;;0;;;;0;0;0;
db;api;api;g_fee_booking;fee_booking_status_id;2;NO;integer;;32;0;;0;;;;0;0;0;
db;api;api;g_fee_booking;fee_type_id;3;YES;integer;;32;0;;0;;;;0;0;0;
db;api;api;g_fee_booking;fee_direct_debit_id;4;YES;bigint;;64;0;;0;;;;0;0;0;
db;api;api;g_fee_booking;original_booking_id;5;YES;bigint;;64;0;;0;;;;0;0;0;
db;api;api;g_fee_booking;creation_date;6;NO;timestamp with time zone;;;;4;0;;;;0;0;0;
db;api;api;g_fee_booking;modified;7;NO;timestamp with time zone;;;;4;0;;;;0;0;0;
db;api;api;g_fee_booking;customer_account_id;8;NO;integer;;32;0;;0;;;;0;0;0;
db;api;api;g_fee_booking;original_reservation_id;9;YES;bigint;;64;0;;0;;;;0;0;0;
db;api;api;g_fee_booking_status;id;1;NO;integer;;32;0;;0;;;;0;0;0;
db;api;api;g_fee_booking_status;name;2;NO;character varying;255;;;;0;;;;0;0;0;
db;api;api;g_fee_booking_status;creation_date;3;NO;timestamp with time zone;;;;4;0;;;;0;0;0;
db;api;api;g_fee_booking_status;modified;4;NO;timestamp with time zone;;;;4;0;;;;0;0;0;
db;api;api;g_fee_clearing_account;id;1;NO;bigint;;64;0;;0;;;;0;0;0;
db;api;api;g_fee_clearing_account;description;2;YES;character varying;255;;;;0;;;;0;0;0;
db;api;api;g_fee_clearing_account;creation_date;3;NO;timestamp with time zone;;;;4;0;;;;0;0;0;
db;api;api;g_fee_clearing_account;modified;4;NO;timestamp with time zone;;;;4;0;;;;0;0;0;
db;api;api;g_fee_clearing_account;modified_by;5;NO;character varying;100;;;;0;;;;0;0;0;
db;api;api;g_fee_clearing_account;account_id;6;YES;integer;;32;0;;0;;;;0;0;0;
db;api;api;g_fee_configuration;id;1;NO;integer;;32;0;;0;;;;0;0;0;
db;api;api;g_fee_configuration;fixed_fee;2;NO;bigint;;64;0;;0;;;;0;0;0;
db;api;api;g_fee_configuration;fee_payment_reason;3;YES;character varying;255;;;;0;;;;0;0;0;
db;api;api;g_fee_configuration;fee_type_id;4;NO;integer;;32;0;;0;;;;0;0;0;
db;api;api;g_fee_configuration;pecentage_fee;5;YES;double precision;;53;;;0;;;;0;0;0;
db;api;api;g_fee_configuration;fees_account_id;6;YES;bigint;;64;0;;0;;;;0;0;0;
db;api;api;g_fee_configuration;creation_date;7;NO;timestamp with time zone;;;;4;0;;;;0;0;0;
db;api;api;g_fee_configuration;modified;8;NO;timestamp with time zone;;;;4;0;;;;0;0;0;
db;api;api;g_fee_configuration;modified_by;9;NO;character varying;100;;;;0;;;;0;0;0;
db;api;api;g_fee_configuration;valid_from;10;YES;date;;;;0;0;;;;0;0;0;
db;api;api;g_fee_configuration;valid_until;11;YES;date;;;;0;0;;;;0;0;0;
db;api;api;g_fee_type;id;1;NO;integer;;32;0;;0;;;;0;0;0;
db;api;api;g_fee_type;description;2;NO;character varying;255;;;;0;;;;0;0;0;
db;api;api;g_fee_type;creation_date;3;NO;timestamp with time zone;;;;4;0;;;;0;0;0;
db;api;api;g_fee_type;modified;4;NO;timestamp with time zone;;;;4;0;;;;0;0;0;
db;api;api;g_fee_type;modified_by;5;NO;character varying;100;;;;0;;;;0;0;0;
db;api;api;g_gender;id;1;NO;int4;;32;0;;1;;;;1;0;0;
db;api;api;g_gender;name;2;NO;varchar;20;;;;1;;;;0;0;0;
db;api;api;g_gender;normalized_name;3;YES;varchar;200;;;;1;;;;0;0;0;
db;api;api;g_geography;id;1;NO;integer;;32;0;;0;;;;0;0;0;
db;api;api;g_geography;name;2;YES;text;;;;;0;;;;0;0;0;
db;api;api;g_group_authorities;group_id;1;NO;integer;;32;0;;0;;;;0;0;0;
db;api;api;g_group_authorities;authority_id;2;NO;integer;;32;0;;0;;;;0;0;0;
db;api;api;g_group_members;user_id;1;NO;integer;;32;0;;0;;;;0;0;0;
db;api;api;g_group_members;group_id;2;NO;integer;;32;0;;0;;;;0;0;0;
db;api;api;g_groups;id;1;NO;integer;;32;0;;0;;;;0;0;0;
db;api;api;g_groups;name;2;NO;character varying;20;;;;0;;;;0;0;0;
db;api;api;g_identification;id;1;NO;integer;;32;0;;1;;;;1;0;0;
db;api;api;g_identification;external_ref;2;YES;character varying;200;;;;0;;;;0;0;0;
db;api;api;g_identification;account_id;3;NO;integer;;32;0;;1;;;;0;0;0;
db;api;api;g_identification;reference;4;YES;character varying;100;;;;0;;;;0;0;0;
db;api;api;g_identification;url;5;YES;character varying;500;;;;0;;;;0;0;0;
db;api;api;g_identification;identification_status_id;6;YES;integer;;32;0;;1;;;;0;0;0;
db;api;api;g_identification;completed_at;7;YES;timestamp without time zone;;;;6;1;;;;0;0;0;
db;api;api;g_identification;identification_method_id;8;NO;integer;;32;0;;0;;;;0;0;0;
db;api;api;g_identification;estimated_waiting_time;9;YES;integer;;32;0;;0;;;;0;0;0;
db;api;api;g_identification;failure_reason;10;YES;character varying;500;;;;0;;;;0;0;0;
db;api;api;g_identification;ref_id;11;YES;character varying;200;;;;0;;;;0;0;0;
db;api;api;g_identification;created;12;YES;timestamp without time zone;;;;6;1;;;;0;0;0;
db;api;api;g_identification;created_by;13;YES;character varying;100;;;;0;;;;0;0;0;
db;api;api;g_identification;modified;14;YES;timestamp without time zone;;;;6;1;;;;0;0;0;
db;api;api;g_identification;modified_by;15;YES;character varying;100;;;;0;;;;0;0;0;
db;api;api;g_identification;address_proof_issued_on;16;YES;date;;;;0;0;;;;0;0;0;
db;api;api;g_identification;address_proof_type_id;17;YES;integer;;32;0;;0;;;;0;0;0;
db;api;api;g_identification;last_frontend_request;18;YES;timestamp without time zone;;;;6;0;;;;0;0;0;
db;api;api;g_identification;frontend_request_counter;19;YES;integer;;32;0;;0;;;;0;0;0;
db;api;api;g_identification_method;id;1;NO;integer;;32;0;;0;;;;0;0;0;
db;api;api;g_identification_method;name;2;NO;character varying;100;;;;0;;;;0;0;0;
db;api;api;g_identification_status;id;1;NO;integer;;32;0;;1;;;;1;0;0;
db;api;api;g_identification_status;name;2;NO;character varying;100;;;;1;;;;0;0;0;
db;api;api;g_identification_status;description;3;NO;character varying;500;;;;1;;;;0;0;0;
db;api;api;g_image_kind;id;1;NO;integer;;32;0;;0;;;;0;0;0;
db;api;api;g_image_kind;image_kind;2;NO;character varying;50;;;;0;;;;0;0;0;
db;api;api;g_impact_addition;id;1;NO;integer;;32;0;;0;;;;0;0;0;
db;api;api;g_impact_addition;created;2;YES;timestamp without time zone;;;;6;0;;;;0;0;0;
db;api;api;g_impact_addition;modified;3;YES;timestamp without time zone;;;;6;0;;;;0;0;0;
db;api;api;g_impact_addition;type;4;YES;character varying;255;;;;0;;;;0;0;0;
db;api;api;g_impact_addition;user_id;5;NO;integer;;32;0;;0;;;;0;0;0;
db;api;api;g_impact_area;id;1;NO;integer;;32;0;;0;;;;0;0;0;
db;api;api;g_impact_area;ref_id;2;YES;text;;;;;0;;;;0;0;0;
db;api;api;g_impact_area;created;3;YES;timestamp without time zone;;;;6;0;;;;0;0;0;
db;api;api;g_impact_area;created_by;4;YES;text;;;;;0;;;;0;0;0;
db;api;api;g_impact_area;modified;5;YES;timestamp without time zone;;;;6;0;;;;0;0;0;
db;api;api;g_impact_area;modified_by;6;YES;text;;;;;0;;;;0;0;0;
db;api;api;g_impact_area;status_id;7;NO;integer;;32;0;;0;;;;0;0;0;
db;api;api;g_impact_area;impact_config_area_id;8;NO;integer;;32;0;;0;;;;0;0;0;
db;api;api;g_impact_area;impact_interchange_fee_id;9;NO;integer;;32;0;;0;;;;0;0;0;
db;api;api;g_impact_area;impact_unit_id;10;NO;integer;;32;0;;0;;;;0;0;0;
db;api;api;g_impact_area;value;11;NO;bigint;;64;0;;0;;;;0;0;0;
db;api;api;g_impact_area;factor;12;NO;integer;;32;0;;0;;;;0;0;0;
db;api;api;g_impact_area;float_value;13;YES;real;;24;;;0;;;;0;0;0;
db;api;api;g_impact_config;id;1;NO;integer;;32;0;;0;;;;0;0;0;
db;api;api;g_impact_config;ref_id;2;YES;text;;;;;0;;;;0;0;0;
db;api;api;g_impact_config;created;3;YES;timestamp without time zone;;;;6;0;;;;0;0;0;
db;api;api;g_impact_config;created_by;4;YES;text;;;;;0;;;;0;0;0;
db;api;api;g_impact_config;modified;5;YES;timestamp without time zone;;;;6;0;;;;0;0;0;
db;api;api;g_impact_config;modified_by;6;YES;text;;;;;0;;;;0;0;0;
db;api;api;g_impact_config;status_id;7;NO;integer;;32;0;;0;;;;0;0;0;
db;api;api;g_impact_config;name;8;NO;text;;;;;0;;;;0;0;0;
db;api;api;g_impact_config;impact_unit_id;9;NO;integer;;32;0;;0;;;;0;0;0;
db;api;api;g_impact_config;value;10;NO;bigint;;64;0;;0;;;;0;0;0;
db;api;api;g_impact_config;factor;11;NO;integer;;32;0;;0;;;;0;0;0;
db;api;api;g_impact_config_area;id;1;NO;integer;;32;0;;0;;;;0;0;0;
db;api;api;g_impact_config_area;ref_id;2;YES;text;;;;;0;;;;0;0;0;
db;api;api;g_impact_config_area;created;3;YES;timestamp without time zone;;;;6;0;;;;0;0;0;
db;api;api;g_impact_config_area;created_by;4;YES;text;;;;;0;;;;0;0;0;
db;api;api;g_impact_config_area;modified;5;YES;timestamp without time zone;;;;6;0;;;;0;0;0;
db;api;api;g_impact_config_area;modified_by;6;YES;text;;;;;0;;;;0;0;0;
db;api;api;g_impact_config_area;status_id;7;NO;integer;;32;0;;0;;;;0;0;0;
db;api;api;g_impact_config_area;impact_config_id;8;NO;integer;;32;0;;0;;;;0;0;0;
db;api;api;g_impact_config_area;name;9;NO;text;;;;;0;;;;0;0;0;
db;api;api;g_impact_config_area;impact_unit_id;10;NO;integer;;32;0;;0;;;;0;0;0;
db;api;api;g_impact_config_area;value;11;NO;bigint;;64;0;;0;;;;0;0;0;
db;api;api;g_impact_config_area;factor;12;NO;integer;;32;0;;0;;;;0;0;0;
db;api;api;g_impact_config_metric;id;1;NO;integer;;32;0;;0;;;;0;0;0;
db;api;api;g_impact_config_metric;ref_id;2;YES;text;;;;;0;;;;0;0;0;
db;api;api;g_impact_config_metric;created;3;YES;timestamp without time zone;;;;6;0;;;;0;0;0;
db;api;api;g_impact_config_metric;created_by;4;YES;text;;;;;0;;;;0;0;0;
db;api;api;g_impact_config_metric;modified;5;YES;timestamp without time zone;;;;6;0;;;;0;0;0;
db;api;api;g_impact_config_metric;modified_by;6;YES;text;;;;;0;;;;0;0;0;
db;api;api;g_impact_config_metric;status_id;7;NO;integer;;32;0;;0;;;;0;0;0;
db;api;api;g_impact_config_metric;impact_type_id;8;NO;integer;;32;0;;0;;;;0;0;0;
db;api;api;g_impact_config_metric;impact_config_project_id;9;NO;integer;;32;0;;0;;;;0;0;0;
db;api;api;g_impact_config_metric;impact_unit_id;10;NO;integer;;32;0;;0;;;;0;0;0;
db;api;api;g_impact_config_metric;value;11;NO;bigint;;64;0;;0;;;;0;0;0;
db;api;api;g_impact_config_metric;factor;12;NO;integer;;32;0;;0;;;;0;0;0;
db;api;api;g_impact_config_project;id;1;NO;integer;;32;0;;0;;;;0;0;0;
db;api;api;g_impact_config_project;ref_id;2;YES;text;;;;;0;;;;0;0;0;
db;api;api;g_impact_config_project;created;3;YES;timestamp without time zone;;;;6;0;;;;0;0;0;
db;api;api;g_impact_config_project;created_by;4;YES;text;;;;;0;;;;0;0;0;
db;api;api;g_impact_config_project;modified;5;YES;timestamp without time zone;;;;6;0;;;;0;0;0;
db;api;api;g_impact_config_project;modified_by;6;YES;text;;;;;0;;;;0;0;0;
db;api;api;g_impact_config_project;status_id;7;NO;integer;;32;0;;0;;;;0;0;0;
db;api;api;g_impact_config_project;impact_config_area_id;8;NO;integer;;32;0;;0;;;;0;0;0;
db;api;api;g_impact_config_project;name;9;YES;text;;;;;0;;;;0;0;0;
db;api;api;g_impact_config_project;impact_unit_id;10;NO;integer;;32;0;;0;;;;0;0;0;
db;api;api;g_impact_config_project;value;11;NO;bigint;;64;0;;0;;;;0;0;0;
db;api;api;g_impact_config_project;factor;12;NO;integer;;32;0;;0;;;;0;0;0;
db;api;api;g_impact_fe_project;id;1;NO;integer;;32;0;;0;;;;0;0;0;
db;api;api;g_impact_fe_project;project;2;NO;character varying;50;;;;0;;;;0;0;0;
db;api;api;g_impact_fe_project;epilogue_message_id;3;NO;integer;;32;0;;0;;;;0;0;0;
db;api;api;g_impact_fe_project_image;id;1;NO;integer;;32;0;;0;;;;0;0;0;
db;api;api;g_impact_fe_project_image;image_kind_id;2;NO;integer;;32;0;;0;;;;0;0;0;
db;api;api;g_impact_fe_project_image;project_id;3;NO;integer;;32;0;;0;;;;0;0;0;
db;api;api;g_impact_fe_project_image_summary;project_id;1;NO;integer;;32;0;;0;;;;0;0;0;
db;api;api;g_impact_fe_project_image_summary;message_key_id;2;NO;integer;;32;0;;0;;;;0;0;0;
db;api;api;g_impact_fe_project_image_summary;list_index;3;NO;integer;;32;0;;0;;;;0;0;0;
db;api;api;g_impact_fe_project_image_url;project_image_id;1;NO;integer;;32;0;;0;;;;0;0;0;
db;api;api;g_impact_fe_project_image_url;url;2;NO;character varying;250;;;;0;;;;0;0;0;
db;api;api;g_impact_fe_project_image_url;list_index;3;NO;integer;;32;0;;0;;;;0;0;0;
db;api;api;g_impact_fe_project_message;project_id;1;NO;integer;;32;0;;0;;;;0;0;0;
db;api;api;g_impact_fe_project_message;message_key_id;2;NO;integer;;32;0;;0;;;;0;0;0;
db;api;api;g_impact_fe_project_message;list_index;3;NO;integer;;32;0;;0;;;;0;0;0;
db;api;api;g_impact_fe_project_message_header;project_id;1;NO;integer;;32;0;;0;;;;0;0;0;
db;api;api;g_impact_fe_project_message_header;message_key_id;2;NO;integer;;32;0;;0;;;;0;0;0;
db;api;api;g_impact_fe_project_message_header;list_index;3;NO;integer;;32;0;;0;;;;0;0;0;
db;api;api;g_impact_fe_project_value_text;id;1;NO;integer;;32;0;;0;;;;0;0;0;
db;api;api;g_impact_fe_project_value_text;value_index;2;NO;integer;;32;0;;0;;;;0;0;0;
db;api;api;g_impact_fe_project_value_text;message_key_id;3;NO;integer;;32;0;;0;;;;0;0;0;
db;api;api;g_impact_fe_project_value_text;project_id;4;NO;integer;;32;0;;0;;;;0;0;0;
db;api;api;g_impact_fe_project_value_text;value_id;5;NO;integer;;32;0;;0;;;;0;0;0;
db;api;api;g_impact_fe_value;id;1;NO;integer;;32;0;;0;;;;0;0;0;
db;api;api;g_impact_fe_value;value;2;NO;character varying;50;;;;0;;;;0;0;0;
db;api;api;g_impact_group;id;1;NO;integer;;32;0;;0;;;;0;0;0;
db;api;api;g_impact_group;name;2;YES;text;;;;;0;;;;0;0;0;
db;api;api;g_impact_interchange_fee;id;1;NO;integer;;32;0;;0;;;;0;0;0;
db;api;api;g_impact_interchange_fee;ref_id;2;YES;text;;;;;0;;;;0;0;0;
db;api;api;g_impact_interchange_fee;created;3;YES;timestamp without time zone;;;;6;0;;;;0;0;0;
db;api;api;g_impact_interchange_fee;created_by;4;YES;text;;;;;0;;;;0;0;0;
db;api;api;g_impact_interchange_fee;modified;5;YES;timestamp without time zone;;;;6;0;;;;0;0;0;
db;api;api;g_impact_interchange_fee;modified_by;6;YES;text;;;;;0;;;;0;0;0;
db;api;api;g_impact_interchange_fee;status_id;7;NO;integer;;32;0;;0;;;;0;0;0;
db;api;api;g_impact_interchange_fee;impact_config_id;8;NO;integer;;32;0;;0;;;;0;0;0;
db;api;api;g_impact_interchange_fee;impact_revenue_id;9;NO;integer;;32;0;;0;;;;0;0;0;
db;api;api;g_impact_interchange_fee;impact_unit_id;10;NO;integer;;32;0;;0;;;;0;0;0;
db;api;api;g_impact_interchange_fee;value;11;NO;bigint;;64;0;;0;;;;0;0;0;
db;api;api;g_impact_interchange_fee;factor;12;NO;integer;;32;0;;0;;;;0;0;0;
db;api;api;g_impact_interchange_fee;float_value;13;YES;real;;24;;;0;;;;0;0;0;
db;api;api;g_impact_metric;id;1;NO;integer;;32;0;;0;;;;0;0;0;
db;api;api;g_impact_metric;ref_id;2;YES;text;;;;;0;;;;0;0;0;
db;api;api;g_impact_metric;created;3;YES;timestamp without time zone;;;;6;0;;;;0;0;0;
db;api;api;g_impact_metric;created_by;4;YES;text;;;;;0;;;;0;0;0;
db;api;api;g_impact_metric;modified;5;YES;timestamp without time zone;;;;6;0;;;;0;0;0;
db;api;api;g_impact_metric;modified_by;6;YES;text;;;;;0;;;;0;0;0;
db;api;api;g_impact_metric;status_id;7;NO;integer;;32;0;;0;;;;0;0;0;
db;api;api;g_impact_metric;impact_config_metric_id;8;NO;integer;;32;0;;0;;;;0;0;0;
db;api;api;g_impact_metric;impact_project_id;9;NO;integer;;32;0;;0;;;;0;0;0;
db;api;api;g_impact_metric;impact_unit_id;10;NO;integer;;32;0;;0;;;;0;0;0;
db;api;api;g_impact_metric;value;11;NO;bigint;;64;0;;0;;;;0;0;0;
db;api;api;g_impact_metric;factor;12;NO;integer;;32;0;;0;;;;0;0;0;
db;api;api;g_impact_metric;float_value;13;YES;real;;24;;;0;;;;0;0;0;
db;api;api;g_impact_personal;id;1;NO;bigint;;64;0;;0;;;;0;0;0;
db;api;api;g_impact_personal;ref_id;2;YES;text;;;;;0;;;;0;0;0;
db;api;api;g_impact_personal;created;3;YES;timestamp without time zone;;;;6;0;;;;0;0;0;
db;api;api;g_impact_personal;created_by;4;YES;text;;;;;0;;;;0;0;0;
db;api;api;g_impact_personal;modified;5;YES;timestamp without time zone;;;;6;0;;;;0;0;0;
db;api;api;g_impact_personal;modified_by;6;YES;text;;;;;0;;;;0;0;0;
db;api;api;g_impact_personal;status_id;7;NO;integer;;32;0;;0;;;;0;0;0;
db;api;api;g_impact_personal;booking_id;8;NO;bigint;;64;0;;0;;;;0;0;0;
db;api;api;g_impact_personal;impact_unit_id;9;NO;integer;;32;0;;0;;;;0;0;0;
db;api;api;g_impact_personal;impact_type_id;10;NO;integer;;32;0;;0;;;;0;0;0;
db;api;api;g_impact_personal;value;11;NO;bigint;;64;0;;0;;;;0;0;0;
db;api;api;g_impact_personal;float_value;12;YES;real;;24;;;0;;;;0;0;0;
db;api;api;g_impact_project;id;1;NO;integer;;32;0;;0;;;;0;0;0;
db;api;api;g_impact_project;ref_id;2;YES;text;;;;;0;;;;0;0;0;
db;api;api;g_impact_project;created;3;YES;timestamp without time zone;;;;6;0;;;;0;0;0;
db;api;api;g_impact_project;created_by;4;YES;text;;;;;0;;;;0;0;0;
db;api;api;g_impact_project;modified;5;YES;timestamp without time zone;;;;6;0;;;;0;0;0;
db;api;api;g_impact_project;modified_by;6;YES;text;;;;;0;;;;0;0;0;
db;api;api;g_impact_project;status_id;7;NO;integer;;32;0;;0;;;;0;0;0;
db;api;api;g_impact_project;impact_config_project_id;8;NO;integer;;32;0;;0;;;;0;0;0;
db;api;api;g_impact_project;impact_area_id;9;NO;integer;;32;0;;0;;;;0;0;0;
db;api;api;g_impact_project;impact_unit_id;10;NO;integer;;32;0;;0;;;;0;0;0;
db;api;api;g_impact_project;value;11;NO;bigint;;64;0;;0;;;;0;0;0;
db;api;api;g_impact_project;factor;12;NO;integer;;32;0;;0;;;;0;0;0;
db;api;api;g_impact_project;float_value;13;YES;real;;24;;;0;;;;0;0;0;
db;api;api;g_impact_revenue;id;1;NO;integer;;32;0;;0;;;;0;0;0;
db;api;api;g_impact_revenue;ref_id;2;YES;text;;;;;0;;;;0;0;0;
db;api;api;g_impact_revenue;created;3;YES;timestamp without time zone;;;;6;0;;;;0;0;0;
db;api;api;g_impact_revenue;created_by;4;YES;text;;;;;0;;;;0;0;0;
db;api;api;g_impact_revenue;modified;5;YES;timestamp without time zone;;;;6;0;;;;0;0;0;
db;api;api;g_impact_revenue;modified_by;6;YES;text;;;;;0;;;;0;0;0;
db;api;api;g_impact_revenue;impact_unit_id;7;NO;integer;;32;0;;0;;;;0;0;0;
db;api;api;g_impact_revenue;value;8;NO;bigint;;64;0;;0;;;;0;0;0;
db;api;api;g_impact_revenue;factor;9;NO;integer;;32;0;;0;;;;0;0;0;
db;api;api;g_impact_revenue;count;10;YES;bigint;;64;0;;0;;;;0;0;0;
db;api;api;g_impact_type;id;1;NO;integer;;32;0;;0;;;;0;0;0;
db;api;api;g_impact_type;name;2;YES;text;;;;;0;;;;0;0;0;
db;api;api;g_impact_unit;id;1;NO;integer;;32;0;;0;;;;0;0;0;
db;api;api;g_impact_unit;name;2;YES;text;;;;;0;;;;0;0;0;
db;api;api;g_language;id;1;NO;integer;;32;0;;0;;;;0;0;0;
db;api;api;g_language;isoname;2;NO;character varying;10;;;;0;;;;0;0;0;
db;api;api;g_language;name;3;NO;character varying;150;;;;0;;;;0;0;0;
db;api;api;g_locale;id;1;NO;integer;;32;0;;0;;;;0;0;0;
db;api;api;g_locale;name;2;NO;character varying;50;;;;0;;;;0;0;0;
db;api;api;g_locale;country_id;3;NO;integer;;32;0;;0;;;;0;0;0;
db;api;api;g_locale;language_id;4;NO;integer;;32;0;;0;;;;0;0;0;
db;api;api;g_localized_message;id;1;NO;integer;;32;0;;0;;;;0;0;0;
db;api;api;g_localized_message;message;2;NO;character varying;5000;;;;0;;;;0;0;0;
db;api;api;g_localized_message;message_key_id;3;NO;integer;;32;0;;0;;;;0;0;0;
db;api;api;g_localized_message;locale_id;4;YES;integer;;32;0;;0;;;;0;0;0;
db;api;api;g_location;id;1;NO;integer;;32;0;;0;;;;0;0;0;
db;api;api;g_location;geography_id;2;YES;integer;;32;0;;0;;;;0;0;0;
db;api;api;g_location;country_id;3;YES;integer;;32;0;;0;;;;0;0;0;
db;api;api;g_login_attempt;id;1;NO;bigint;;64;0;;0;;;;0;0;0;
db;api;api;g_login_attempt;created;2;YES;timestamp without time zone;;;;6;0;;;;0;0;0;
db;api;api;g_login_attempt;ip;3;YES;character varying;30;;;;0;;;;0;0;0;
db;api;api;g_login_attempt;modified;4;YES;timestamp without time zone;;;;6;0;;;;0;0;0;
db;api;api;g_login_attempt;ref_id;5;NO;character varying;36;;;;0;;;;0;0;0;
db;api;api;g_login_attempt;success;6;NO;boolean;;;;;0;;;;0;0;0;
db;api;api;g_login_attempt;user_agent;7;YES;character varying;250;;;;0;;;;0;0;0;
db;api;api;g_login_attempt;username;8;YES;character varying;50;;;;0;;;;0;0;0;
db;api;api;g_login_attempt;user_id;9;YES;integer;;32;0;;0;;;;0;0;0;
db;api;api;g_login_block;id;1;NO;integer;;32;0;;0;;;;0;0;0;
db;api;api;g_login_block;created;2;YES;timestamp without time zone;;;;6;0;;;;0;0;0;
db;api;api;g_login_block;ip;3;YES;character varying;30;;;;0;;;;0;0;0;
db;api;api;g_login_block;modified;4;YES;timestamp without time zone;;;;6;0;;;;0;0;0;
db;api;api;g_login_block;unblock;5;YES;timestamp without time zone;;;;6;0;;;;0;0;0;
db;api;api;g_login_block;username;6;YES;character varying;50;;;;0;;;;0;0;0;
db;api;api;g_login_block;deactivated;7;NO;boolean;;;;;0;;;;0;0;0;
db;api;api;g_login_blocking_rules;id;1;NO;integer;;32;0;;0;;;;0;0;0;
db;api;api;g_login_blocking_rules;attempts;2;YES;integer;;32;0;;0;;;;0;0;0;
db;api;api;g_login_blocking_rules;blocking_time;3;YES;integer;;32;0;;0;;;;0;0;0;
db;api;api;g_marketing_message;id;1;NO;integer;;32;0;;0;;;;0;0;0;
db;api;api;g_marketing_message;image;2;YES;bytea;;;;;0;;;;0;0;0;
db;api;api;g_marketing_message;image_type;3;NO;character varying;250;;;;0;;;;0;0;0;
db;api;api;g_marketing_message;info_url;4;NO;character varying;2000;;;;0;;;;0;0;0;
db;api;api;g_marketing_message;msg_line1;5;NO;character varying;250;;;;0;;;;0;0;0;
db;api;api;g_marketing_message;msg_line2;6;NO;character varying;250;;;;0;;;;0;0;0;
db;api;api;g_marketing_message;priority;7;NO;integer;;32;0;;0;;;;0;0;0;
db;api;api;g_marketing_message;dismissible;8;NO;boolean;;;;;0;;;;0;0;0;
db;api;api;g_marketing_message;type_id;9;NO;integer;;32;0;;0;;;;0;0;0;
db;api;api;g_marketing_message;version;10;NO;bigint;;64;0;;0;;;;0;0;0;
db;api;api;g_marketing_message_type;id;1;NO;integer;;32;0;;0;;;;0;0;0;
db;api;api;g_marketing_message_type;name;2;NO;character varying;30;;;;0;;;;0;0;0;
db;api;api;g_mastercard_booking_category;id;1;NO;integer;;32;0;;0;;;;0;0;0;
db;api;api;g_mastercard_booking_category;booking_category_id;2;NO;integer;;32;0;;0;;;;0;0;0;
db;api;api;g_mastercard_booking_category;mastercard_details_id;3;YES;integer;;32;0;;0;;;;0;0;0;
db;api;api;g_mastercard_category;id;1;NO;integer;;32;0;;0;;;;0;0;0;
db;api;api;g_mastercard_category;name;2;YES;text;;;;;0;;;;0;0;0;
db;api;api;g_mastercard_details;id;1;NO;integer;;32;0;;0;;;;0;0;0;
db;api;api;g_mastercard_details;mastercard_name;2;YES;text;;;;;0;;;;0;0;0;
db;api;api;g_mastercard_details;mastercard_category_id;3;YES;integer;;32;0;;0;;;;0;0;0;
db;api;api;g_mastercard_details;merchant_category_code;4;YES;integer;;32;0;;0;;;;0;0;0;
db;api;api;g_mastercard_details;location_id;5;YES;integer;;32;0;;0;;;;0;0;0;
db;api;api;g_message_key;id;1;NO;integer;;32;0;;0;;;;0;0;0;
db;api;api;g_message_key;message_key;2;NO;character varying;100;;;;0;;;;0;0;0;
db;api;api;g_mobile_number;id;1;NO;integer;;32;0;;0;;;;0;0;0;
db;api;api;g_mobile_number;ref_id;2;YES;character varying;200;;;;0;;;;0;0;0;
db;api;api;g_mobile_number;created;3;YES;timestamp without time zone;;;;6;0;;;;0;0;0;
db;api;api;g_mobile_number;created_by;4;YES;character varying;100;;;;0;;;;0;0;0;
db;api;api;g_mobile_number;modified;5;YES;timestamp without time zone;;;;6;0;;;;0;0;0;
db;api;api;g_mobile_number;modified_by;6;YES;character varying;100;;;;0;;;;0;0;0;
db;api;api;g_mobile_number;account_id;7;NO;integer;;32;0;;0;;;;0;0;0;
db;api;api;g_mobile_number;external_ref;8;YES;character varying;500;;;;0;;;;0;0;0;
db;api;api;g_mobile_number;number;9;YES;character varying;500;;;;0;;;;0;0;0;
db;api;api;g_mobile_number;verified;10;NO;boolean;;;;;0;;;;0;0;0;
db;api;api;g_monthly_spending;id;1;NO;integer;;32;0;;0;;;;0;0;0;
db;api;api;g_monthly_spending;card_id;2;NO;integer;;32;0;;0;;;;0;0;0;
db;api;api;g_monthly_spending;spending_month;3;NO;character varying;6;;;;0;;;;0;0;0;
db;api;api;g_monthly_spending;spent_cents;4;NO;bigint;;64;0;;0;;;;0;0;0;
db;api;api;g_monthly_spending;spent_count;5;NO;integer;;32;0;;0;;;;0;0;0;
db;api;api;g_monthly_spending;version;6;NO;integer;;32;0;;0;;;;0;0;0;
db;api;api;g_monthly_spending;limit_type_id;7;NO;integer;;32;0;;0;;;;0;0;0;
db;api;api;g_partner;id;1;NO;integer;;32;0;;1;;;;1;0;0;
db;api;api;g_partner;status_id;2;NO;integer;;32;0;;1;;;;0;0;0;
db;api;api;g_partner;partner_type_id;3;NO;integer;;32;0;;1;;;;0;0;0;
db;api;api;g_partner;partner_group_id;4;NO;integer;;32;0;;1;;;;0;0;0;
db;api;api;g_partner;name;5;NO;character varying;200;;;;1;;;;0;0;0;
db;api;api;g_partner;description;6;NO;character varying;100;;;;1;;;;0;0;0;
db;api;api;g_partner_group;id;1;NO;integer;;32;0;;1;;;;1;0;0;
db;api;api;g_partner_group;name;2;NO;character varying;20;;;;1;;;;0;0;0;
db;api;api;g_partner_type;id;1;NO;integer;;32;0;;1;;;;1;0;0;
db;api;api;g_partner_type;name;2;NO;character varying;20;;;;1;;;;0;0;0;
db;api;api;g_phones;id;1;NO;integer;;32;0;;0;;;;0;0;0;
db;api;api;g_phones;created;2;YES;timestamp without time zone;;;;6;0;;;;0;0;0;
db;api;api;g_phones;created_by;3;YES;character varying;100;;;;0;;;;0;0;0;
db;api;api;g_phones;modified;4;YES;timestamp without time zone;;;;6;0;;;;0;0;0;
db;api;api;g_phones;modified_by;5;YES;character varying;100;;;;0;;;;0;0;0;
db;api;api;g_phones;user_id;6;NO;integer;;32;0;;0;;;;0;0;0;
db;api;api;g_phones;phone_type_id;7;NO;integer;;32;0;;0;;;;0;0;0;
db;api;api;g_phones;number;8;NO;character varying;20;;;;0;;;;0;0;0;
db;api;api;g_phones;show_as_tomorrow_customer;9;YES;boolean;;;;;0;;;;0;0;0;
db;api;api;g_phone_type;id;1;NO;integer;;32;0;;0;;;;0;0;0;
db;api;api;g_phone_type;name;2;NO;character varying;20;;;;0;;;;0;0;0;
db;api;api;g_project;id;1;NO;bigint;;64;0;;0;;;;0;0;0;
db;api;api;g_project;name;2;NO;character varying;255;;;;0;;;;0;0;0;
db;api;api;g_project;impact_config_project_id;3;NO;integer;;32;0;;0;;;;0;0;0;
db;api;api;g_project_value;lang;1;NO;character varying;8;;;;0;;;;0;0;0;
db;api;api;g_project_value;value_type_value;2;NO;character varying;255;;;;0;;;;0;0;0;
db;api;api;g_project_value;value_type_id;3;NO;integer;;32;0;;0;;;;0;0;0;
db;api;api;g_project_value;project_id;4;NO;bigint;;64;0;;0;;;;0;0;0;
db;api;api;g_project_value_type;id;1;NO;integer;;32;0;;0;;;;0;0;0;
db;api;api;g_project_value_type;value_type;2;NO;character varying;50;;;;0;;;;0;0;0;
db;api;api;g_promotion;id;1;NO;integer;;32;0;;0;;;;0;0;0;
db;api;api;g_promotion;ref_id;2;YES;character varying;200;;;;0;;;;0;0;0;
db;api;api;g_promotion;created;3;YES;timestamp without time zone;;;;6;0;;;;0;0;0;
db;api;api;g_promotion;created_by;4;YES;character varying;100;;;;0;;;;0;0;0;
db;api;api;g_promotion;modified;5;YES;timestamp without time zone;;;;6;0;;;;0;0;0;
db;api;api;g_promotion;modified_by;6;YES;character varying;100;;;;0;;;;0;0;0;
db;api;api;g_promotion;promotion_status_id;7;NO;integer;;32;0;;0;;;;0;0;0;
db;api;api;g_promotion;token;8;NO;text;;;;;0;;;;0;0;0;
db;api;api;g_promotion;attempt;9;YES;integer;;32;0;;0;;;;0;0;0;
db;api;api;g_promotion_status;id;1;NO;integer;;32;0;;0;;;;0;0;0;
db;api;api;g_promotion_status;name;2;YES;text;;;;;0;;;;0;0;0;
db;api;api;g_promotion_status;description;3;YES;text;;;;;0;;;;0;0;0;
db;api;api;g_push_message;id;1;NO;bigint;;64;0;;0;;;;0;0;0;
db;api;api;g_push_message;body;2;YES;character varying;255;;;;0;;;;0;0;0;
db;api;api;g_push_message;body_loc_key;3;YES;character varying;255;;;;0;;;;0;0;0;
db;api;api;g_push_message;message_id;4;YES;character varying;255;;;;0;;;;0;0;0;
db;api;api;g_push_message;message_type;5;YES;character varying;255;;;;0;;;;0;0;0;
db;api;api;g_push_message;ref_id;6;NO;character varying;36;;;;0;;;;0;0;0;
db;api;api;g_push_message;sound;7;YES;character varying;255;;;;0;;;;0;0;0;
db;api;api;g_push_message;title;8;YES;character varying;255;;;;0;;;;0;0;0;
db;api;api;g_push_message;user_id;9;NO;integer;;32;0;;0;;;;0;0;0;
db;api;api;g_push_message_body_loc_arg;pushmessage_id;1;NO;bigint;;64;0;;0;;;;0;0;0;
db;api;api;g_push_message_body_loc_arg;body_loc_arg;2;YES;character varying;255;;;;0;;;;0;0;0;
db;api;api;g_push_message_body_loc_arg;serial_no;3;NO;integer;;32;0;;0;;;;0;0;0;
db;api;api;g_reoccurrence;id;1;NO;integer;;32;0;;0;;;;0;0;0;
db;api;api;g_reoccurrence;name;2;NO;character varying;20;;;;0;;;;0;0;0;
db;api;api;g_reservation;id;1;NO;bigint;;64;0;;0;;;;0;0;0;
db;api;api;g_reservation;ref_id;2;YES;text;;;;;0;;;;0;0;0;
db;api;api;g_reservation;created;3;YES;timestamp without time zone;;;;6;0;;;;0;0;0;
db;api;api;g_reservation;created_by;4;YES;text;;;;;0;;;;0;0;0;
db;api;api;g_reservation;modified;5;YES;timestamp without time zone;;;;6;0;;;;0;0;0;
db;api;api;g_reservation;modified_by;6;YES;text;;;;;0;;;;0;0;0;
db;api;api;g_reservation;account_id;7;NO;integer;;32;0;;0;;;;0;0;0;
db;api;api;g_reservation;external_ref;8;YES;text;;;;;0;;;;0;0;0;
db;api;api;g_reservation;reservation_type_id;9;NO;integer;;32;0;;0;;;;0;0;0;
db;api;api;g_reservation;amount;10;YES;bigint;;64;0;;0;;;;0;0;0;
db;api;api;g_reservation;country_currency_id;11;NO;integer;;32;0;;0;;;;0;0;0;
db;api;api;g_reservation;external_reference;12;YES;text;;;;;0;;;;0;0;0;
db;api;api;g_reservation;status_id;13;NO;integer;;32;0;;0;;;;0;0;0;
db;api;api;g_reservation;meta_info;14;YES;text;;;;;0;;;;0;0;0;
db;api;api;g_reservation;expires_at;15;YES;timestamp without time zone;;;;6;0;;;;0;0;0;
db;api;api;g_reservation;expired_at;16;YES;timestamp without time zone;;;;6;0;;;;0;0;0;
db;api;api;g_reservation;resolved_at;17;YES;timestamp without time zone;;;;6;0;;;;0;0;0;
db;api;api;g_reservation;description;18;YES;text;;;;;0;;;;0;0;0;
db;api;api;g_reservation;end_to_end_id;19;YES;character varying;255;;;;0;;;;0;0;0;
db;api;api;g_reservation;fx_rate;20;YES;character varying;255;;;;0;;;;0;0;0;
db;api;api;g_reservation;search_string;21;YES;character varying;5000;;;;0;;;;0;0;0;
db;api;api;g_reservation_category_mapping;id;1;NO;bigint;;64;0;;0;;;;0;0;0;
db;api;api;g_reservation_category_mapping;ref_id;2;YES;text;;;;;0;;;;0;0;0;
db;api;api;g_reservation_category_mapping;created;3;YES;timestamp without time zone;;;;6;0;;;;0;0;0;
db;api;api;g_reservation_category_mapping;created_by;4;YES;text;;;;;0;;;;0;0;0;
db;api;api;g_reservation_category_mapping;modified;5;YES;timestamp without time zone;;;;6;0;;;;0;0;0;
db;api;api;g_reservation_category_mapping;modified_by;6;YES;text;;;;;0;;;;0;0;0;
db;api;api;g_reservation_category_mapping;booking_category_mapping_type_id;7;NO;integer;;32;0;;0;;;;0;0;0;
db;api;api;g_reservation_category_mapping;booking_category_id;8;NO;integer;;32;0;;0;;;;0;0;0;
db;api;api;g_reservation_category_mapping;reservation_id;9;NO;bigint;;64;0;;0;;;;0;0;0;
db;api;api;g_reservation_duplicate;id;1;NO;bigint;;64;0;;0;;;;0;0;0;
db;api;api;g_reservation_duplicate;created_at;2;YES;timestamp without time zone;;;;6;0;;;;0;0;0;
db;api;api;g_reservation_duplicate;external_ref;3;NO;character varying;36;;;;0;;;;0;0;0;
db;api;api;g_reservation_duplicate;hash;4;NO;character varying;255;;;;0;;;;0;0;0;
db;api;api;g_reservation_hash;id;1;NO;bigint;;64;0;;0;;;;0;0;0;
db;api;api;g_reservation_hash;created_at;2;YES;timestamp without time zone;;;;6;0;;;;0;0;0;
db;api;api;g_reservation_hash;external_ref;3;NO;character varying;36;;;;0;;;;0;0;0;
db;api;api;g_reservation_hash;hash;4;NO;character varying;255;;;;0;;;;0;0;0;
db;api;api;g_reservation_type;id;1;NO;integer;;32;0;;0;;;;0;0;0;
db;api;api;g_reservation_type;name;2;YES;text;;;;;0;;;;0;0;0;
db;api;api;g_reservation_type;description;3;YES;text;;;;;0;;;;0;0;0;
db;api;api;g_scheduled_transactions;id;1;NO;integer;;32;0;;0;;;;0;0;0;
db;api;api;g_scheduled_transactions;ref_id;2;YES;character varying;200;;;;0;;;;0;0;0;
db;api;api;g_scheduled_transactions;created;3;YES;timestamp without time zone;;;;6;0;;;;0;0;0;
db;api;api;g_scheduled_transactions;created_by;4;YES;character varying;100;;;;0;;;;0;0;0;
db;api;api;g_scheduled_transactions;modified;5;YES;timestamp without time zone;;;;6;0;;;;0;0;0;
db;api;api;g_scheduled_transactions;modified_by;6;YES;character varying;100;;;;0;;;;0;0;0;
db;api;api;g_scheduled_transactions;external_ref;7;YES;character varying;500;;;;0;;;;0;0;0;
db;api;api;g_scheduled_transactions;execute_at;8;NO;date;;;;0;0;;;;0;0;0;
db;api;api;g_scheduled_transactions;executed_at;9;YES;timestamp without time zone;;;;6;0;;;;0;0;0;
db;api;api;g_scheduled_transactions;status;10;NO;character varying;100;;;;0;;;;0;0;0;
db;api;api;g_scheduled_transactions;transaction_id;11;NO;bigint;;64;0;;0;;;;0;0;0;
db;api;api;g_standing_order_payments;id;1;NO;bigint;;64;0;;0;;;;0;0;0;
db;api;api;g_standing_order_payments;processed_at;2;NO;timestamp without time zone;;;;6;0;;;;0;0;0;
db;api;api;g_standing_order_payments;ref_id;3;NO;character varying;36;;;;0;;;;0;0;0;
db;api;api;g_standing_order_payments;reference;4;NO;character varying;255;;;;0;;;;0;0;0;
db;api;api;g_standing_order_payments;status;5;NO;character varying;100;;;;0;;;;0;0;0;
db;api;api;g_standing_order_payments;account_id;6;NO;integer;;32;0;;0;;;;0;0;0;
db;api;api;g_standing_order_payments;credit_transfer_id;7;NO;bigint;;64;0;;0;;;;0;0;0;
db;api;api;g_standing_order_payments;standing_order_id;8;NO;bigint;;64;0;;0;;;;0;0;0;
db;api;api;g_state;id;1;NO;integer;;32;0;;1;;;;1;0;0;
db;api;api;g_state;isoname;2;NO;character varying;20;;;;1;;;;0;0;0;
db;api;api;g_state;name;3;NO;character varying;100;;;;1;;;;0;0;0;
db;api;api;g_status;id;1;NO;int4;;32;0;;1;;;;1;0;0;
db;api;api;g_status;name;2;NO;varchar;100;;;;1;;;;0;0;0;
db;api;api;g_status;description;3;YES;character varying;500;;;;1;;;;0;0;0;
db;api;api;g_supported_docs;id;1;NO;integer;;32;0;;0;;;;0;0;0;
db;api;api;g_supported_docs;video_verification_by_id_card;2;YES;boolean;;;;;0;;;;0;0;0;
db;api;api;g_supported_docs;video_verification_by_passport;3;YES;boolean;;;;;0;;;;0;0;0;
db;api;api;g_supported_docs;country_id;4;NO;integer;;32;0;;0;;;;0;0;0;
db;api;api;g_system_event;id;1;NO;bigint;;;;;1;;;;1;0;0;r202008-customer-journey
db;api;api;g_system_event;created;3;YES;timestamp without time zone;;;;;0;;;;0;0;0;
db;api;api;g_system_event;modified;2;YES;timestamp without time zone;;;;;1;;;;0;0;0;
db;api;api;g_system_event;user_id;3;NO;integer;;;;;1;;;;0;0;0;
db;api;api;g_system_event;system_event_type_id;4;NO;integer;;;;;1;;;;0;0;0;
db;api;api;g_system_event;event_occurred_at;5;NO;timestamp without time zone;;;;;1;;;;0;0;0;
db;api;api;g_system_event_type;id;1;NO;integer;;;;;1;;;;1;0;0;r202008-customer-journey
db;api;api;g_system_event_type;created;2;YES;timestamp without time zone;;;;;0;;;;0;0;0;
db;api;api;g_system_event_type;modified;3;YES;timestamp without time zone;;;;;0;;;;0;0;0;
db;api;api;g_system_event_type;name;4;NO;varchar;;;;;1;;;;0;0;0;
db;api;api;g_tax_identification;id;1;NO;integer;;32;0;;0;;;;0;0;0;
db;api;api;g_tax_identification;external_ref;2;YES;character varying;100;;;;0;;;;0;0;0;
db;api;api;g_tax_identification;account_id;3;NO;integer;;32;0;;0;;;;0;0;0;
db;api;api;g_tax_identification;country_id;4;YES;integer;;32;0;;0;;;;0;0;0;
db;api;api;g_tax_identification;number;5;YES;character varying;100;;;;0;;;;0;0;0;
db;api;api;g_tax_identification;is_primary;6;YES;boolean;;;;;0;;;;0;0;0;
db;api;api;g_tax_identification;tax_reason_no_tin_id;7;YES;integer;;32;0;;0;;;;0;0;0;
db;api;api;g_tax_identification;reason_description;8;YES;character varying;200;;;;0;;;;0;0;0;
db;api;api;g_tax_identification;ref_id;9;YES;character varying;100;;;;0;;;;0;0;0;
db;api;api;g_tax_identification;created;10;YES;timestamp without time zone;;;;6;0;;;;0;0;0;
db;api;api;g_tax_identification;created_by;11;YES;character varying;100;;;;0;;;;0;0;0;
db;api;api;g_tax_identification;modified;12;YES;timestamp without time zone;;;;6;0;;;;0;0;0;
db;api;api;g_tax_identification;modified_by;13;YES;character varying;100;;;;0;;;;0;0;0;
db;api;api;g_tax_reason_no_tin;id;1;NO;integer;;32;0;;0;;;;0;0;0;
db;api;api;g_tax_reason_no_tin;name;2;NO;character varying;100;;;;0;;;;0;0;0;
db;api;api;g_timed_order;id;1;NO;integer;;32;0;;0;;;;0;0;0;
db;api;api;g_timed_order;execute_at;2;NO;date;;;;0;0;;;;0;0;0;
db;api;api;g_timed_order;executed_at;3;YES;timestamp without time zone;;;;6;0;;;;0;0;0;
db;api;api;g_timed_order;external_ref;4;NO;character varying;50;;;;0;;;;0;0;0;
db;api;api;g_timed_order;ref_id;5;NO;character varying;36;;;;0;;;;0;0;0;
db;api;api;g_timed_order;reference;6;YES;character varying;255;;;;0;;;;0;0;0;
db;api;api;g_timed_order;status;7;NO;character varying;32;;;;0;;;;0;0;0;
db;api;api;g_timed_order;transaction_id;8;NO;bigint;;64;0;;0;;;;0;0;0;
db;api;api;g_title;id;1;NO;integer;;32;0;;0;;;;0;0;0;
db;api;api;g_title;name;2;NO;character varying;20;;;;0;;;;0;0;0;
db;api;api;g_title;internal_name;3;NO;character varying;20;;;;0;;;;0;0;0;
db;api;api;g_tomorrow_sepa_mandate;id;1;NO;bigint;;64;0;;0;;;;0;0;0;
db;api;api;g_tomorrow_sepa_mandate;debitor_account_id;2;NO;integer;;32;0;;0;;;;0;0;0;
db;api;api;g_tomorrow_sepa_mandate;direct_debit_mandate_id;3;NO;bigint;;64;0;;0;;;;0;0;0;
db;api;api;g_transaction_category_mapping;id;1;NO;bigint;;64;0;;0;;;;0;0;0;
db;api;api;g_transaction_category_mapping;created;2;YES;timestamp without time zone;;;;6;0;;;;0;0;0;
db;api;api;g_transaction_category_mapping;modified;3;YES;timestamp without time zone;;;;6;0;;;;0;0;0;
db;api;api;g_transaction_category_mapping;ref_id;4;YES;character varying;255;;;;0;;;;0;0;0;
db;api;api;g_transaction_category_mapping;booking_category_id;5;NO;integer;;32;0;;0;;;;0;0;0;
db;api;api;g_transaction_category_mapping;booking_category_mapping_type_id;6;NO;integer;;32;0;;0;;;;0;0;0;
db;api;api;g_transaction_category_mapping;transaction_id;7;NO;bigint;;64;0;;0;;;;0;0;0;
db;api;api;g_transactions;id;1;NO;bigint;;64;0;;0;;;;0;0;0;
db;api;api;g_transactions;ref_id;2;YES;character varying;200;;;;0;;;;0;0;0;
db;api;api;g_transactions;created;3;YES;timestamp without time zone;;;;6;0;;;;0;0;0;
db;api;api;g_transactions;created_by;4;YES;character varying;100;;;;0;;;;0;0;0;
db;api;api;g_transactions;modified;5;YES;timestamp without time zone;;;;6;0;;;;0;0;0;
db;api;api;g_transactions;modified_by;6;YES;character varying;100;;;;0;;;;0;0;0;
db;api;api;g_transactions;external_ref;7;YES;character varying;500;;;;0;;;;0;0;0;
db;api;api;g_transactions;account_id;8;NO;integer;;32;0;;0;;;;0;0;0;
db;api;api;g_transactions;transactions_type_id;9;NO;integer;;32;0;;0;;;;0;0;0;
db;api;api;g_transactions;status;10;NO;character varying;100;;;;0;;;;0;0;0;
db;api;api;g_transactions;reference;11;NO;character varying;100;;;;0;;;;0;0;0;
db;api;api;g_transactions;amount;12;YES;bigint;;64;0;;0;;;;0;0;0;
db;api;api;g_transactions;country_currency_id;13;NO;integer;;32;0;;0;;;;0;0;0;
db;api;api;g_transactions;description;14;YES;text;;;;;0;;;;0;0;0;
db;api;api;g_transactions;recipient_iban;15;NO;character varying;100;;;;0;;;;0;0;0;
db;api;api;g_transactions;recipient_bic;16;NO;character varying;100;;;;0;;;;0;0;0;
db;api;api;g_transactions;recipient_name;17;NO;character varying;100;;;;0;;;;0;0;0;
db;api;api;g_transactions;end_to_end_id;18;NO;character varying;100;;;;0;;;;0;0;0;
db;api;api;g_transactions;first_execution_date;19;YES;date;;;;0;0;;;;0;0;0;
db;api;api;g_transactions;last_execution_date;20;YES;date;;;;0;0;;;;0;0;0;
db;api;api;g_transactions;reoccurrence_id;21;YES;integer;;32;0;;0;;;;0;0;0;
db;api;api;g_transactions;month_end_execution;22;YES;boolean;;;;;0;;;;0;0;0;
db;api;api;g_transactions;next_occurrence_date;23;YES;date;;;;0;0;;;;0;0;0;
db;api;api;g_transactions;search_string;24;YES;character varying;5000;;;;0;;;;0;0;0;
db;api;api;g_transactions_type;id;1;NO;integer;;32;0;;0;;;;0;0;0;
db;api;api;g_transactions_type;name;2;NO;character varying;100;;;;0;;;;0;0;0;
db;api;api;g_unit;id;1;NO;integer;;32;0;;1;;;;1;0;0;
db;api;api;g_unit;name;2;NO;character varying;20;;;;1;;;;0;0;0;
db;api;api;g_user_attribute;id;1;NO;integer;;32;0;;0;;;;0;0;0;
db;api;api;g_user_attribute;user_id;2;NO;integer;;32;0;;0;;;;0;0;0;
db;api;api;g_user_attribute;attribute_id;3;NO;integer;;32;0;;0;;;;0;0;0;
db;api;api;g_user_attribute;value;4;NO;character varying;100;;;;0;;;;0;0;0;
db;api;api;g_user_authorities;user_id;1;NO;integer;;32;0;;0;;;;0;0;0;
db;api;api;g_user_authorities;authority_id;2;NO;integer;;32;0;;0;;;;0;0;0;
db;api;api;g_user_benefit;id;1;NO;integer;;32;0;;0;;;;0;0;0;
db;api;api;g_user_benefit;name;2;NO;character varying;50;;;;0;;;;0;0;0;
db;api;api;g_user_benefit;unit_id;3;NO;integer;;32;0;;0;;;;0;0;0;
db;api;api;g_user_benefit_unit;id;1;NO;integer;;32;0;;0;;;;0;0;0;
db;api;api;g_user_benefit_unit;name;2;NO;character varying;50;;;;0;;;;0;0;0;
db;api;api;g_user_details;id;1;NO;integer;;32;0;;1;;;;1;0;0;
db;api;api;g_user_details;created;2;YES;timestamp without time zone;;;;6;0;;;;0;0;0;
db;api;api;g_user_details;created_by;3;YES;character varying;100;;;;0;;;;0;0;0;
db;api;api;g_user_details;modified;4;YES;timestamp without time zone;;;;6;1;;;;0;0;0;
db;api;api;g_user_details;modified_by;5;YES;character varying;100;;;;0;;;;0;0;0;
db;api;api;g_user_details;user_id;6;NO;integer;;32;0;;1;;;;0;0;0;
db;api;api;g_user_details;user_type_id;7;NO;integer;;32;0;;1;;;;0;0;0;
db;api;api;g_user_details;gender_id;8;YES;integer;;32;0;;1;;;;0;0;0;
db;api;api;g_user_details;title_id;9;YES;integer;;32;0;;0;;;;0;0;0;
db;api;api;g_user_details;first_name;10;YES;character varying;100;;;;0;;;;0;0;0;
db;api;api;g_user_details;name;11;YES;character varying;100;;;;0;;;;0;0;0;
db;api;api;g_user_details;birth_name;12;YES;character varying;100;;;;1;;;;0;0;0;
db;api;api;g_user_details;birth_date;13;YES;date;;;;0;1;;;;0;0;0;
db;api;api;g_user_details;birth_city;14;YES;character varying;100;;;;0;;;;0;0;0;
db;api;api;g_user_details;birth_country_id;15;YES;integer;;32;0;;1;;;;0;0;0;
db;api;api;g_user_details;nationality_id;16;YES;integer;;32;0;;0;;;;0;0;0;
db;api;api;g_user_details;job_title;17;YES;character varying;100;;;;0;;;;0;0;0;
db;api;api;g_user_details;employment_status_id;18;YES;integer;;32;0;;1;;;;0;0;0;
db;api;api;g_user_details;fatca_relevant;19;YES;boolean;;;;;0;;;;0;0;0;
db;api;api;g_user_details;fatca_crs_confirmed_at;20;YES;timestamp without time zone;;;;6;0;;;;0;0;0;
db;api;api;g_user_details;accepted_deposit_protection;21;YES;boolean;;;;;0;;;;0;0;0;
db;api;api;g_user_details;accepted_schufa;22;YES;boolean;;;;;0;;;;0;0;0;
db;api;api;g_user_details;accepted_newsletter;23;YES;boolean;;;;;0;;;;0;0;0;
db;api;api;g_user_details;display_first_name;24;YES;character varying;255;;;;1;;;;0;0;0;
db;api;api;g_user_details;display_name;25;YES;character varying;255;;;;1;;;;0;0;0;
db;api;api;g_user_details;image_ref;26;YES;character varying;200;;;;0;;;;0;0;0;
db;api;api;g_user_details;show_as_tomorrow_customer;27;YES;boolean;;;;;0;;;;0;0;0;
db;api;api;g_user_details;billing_begin_day_of_month;28;NO;smallint;;16;0;;0;;;;0;0;0;
db;api;api;g_user_invitation;id;1;NO;integer;;32;0;;0;;;;0;0;0;
db;api;api;g_user_invitation;created;2;YES;timestamp without time zone;;;;6;0;;;;0;0;0;
db;api;api;g_user_invitation;invitation_code;3;NO;character varying;255;;;;0;;;;0;0;0;
db;api;api;g_user_invitation;modified;4;YES;timestamp without time zone;;;;6;0;;;;0;0;0;
db;api;api;g_user_invitation;user_id;5;NO;integer;;32;0;;0;;;;0;0;0;
db;api;api;g_user_invitation_applied;id;1;NO;integer;;32;0;;0;;;;0;0;0;
db;api;api;g_user_invitation_applied;created;2;YES;timestamp without time zone;;;;6;0;;;;0;0;0;
db;api;api;g_user_invitation_applied;modified;3;YES;timestamp without time zone;;;;6;0;;;;0;0;0;
db;api;api;g_user_invitation_applied;status;4;YES;character varying;255;;;;0;;;;0;0;0;
db;api;api;g_user_invitation_applied;invitee_user_id;5;NO;integer;;32;0;;0;;;;0;0;0;
db;api;api;g_user_invitation_applied;user_invitation_id;6;NO;integer;;32;0;;0;;;;0;0;0;
db;api;api;g_user_invitation_present;id;1;NO;integer;;32;0;;0;;;;0;0;0;
db;api;api;g_user_invitation_present;city;2;YES;character varying;255;;;;0;;;;0;0;0;
db;api;api;g_user_invitation_present;created;3;YES;timestamp without time zone;;;;6;0;;;;0;0;0;
db;api;api;g_user_invitation_present;full_name;4;YES;character varying;255;;;;0;;;;0;0;0;
db;api;api;g_user_invitation_present;line_1;5;YES;character varying;255;;;;0;;;;0;0;0;
db;api;api;g_user_invitation_present;line_2;6;YES;character varying;255;;;;0;;;;0;0;0;
db;api;api;g_user_invitation_present;modified;7;YES;timestamp without time zone;;;;6;0;;;;0;0;0;
db;api;api;g_user_invitation_present;postal_code;8;YES;character varying;255;;;;0;;;;0;0;0;
db;api;api;g_user_invitation_present;type;9;YES;character varying;255;;;;0;;;;0;0;0;
db;api;api;g_user_invitation_present;country_state_id;10;YES;integer;;32;0;;0;;;;0;0;0;
db;api;api;g_user_invitation_present;user_invitation_id;11;NO;integer;;32;0;;0;;;;0;0;0;
db;api;api;g_user_login_details;id;1;NO;integer;;32;0;;0;;;;0;0;0;
db;api;api;g_user_login_details;login_identifier;2;NO;character varying;100;;;;0;;;;0;0;0;
db;api;api;g_user_login_details;user_id;3;NO;integer;;32;0;;0;;;;0;0;0;
db;api;api;g_user_login_details;device_details;4;NO;character varying;150;;;;0;;;;0;0;0;
db;api;api;g_user_login_details;logged_in_time;5;NO;timestamp without time zone;;;;6;0;;;;0;0;0;
db;api;api;g_user_type;id;1;YES;int4;;32;0;;1;;;;1;0;0;
db;api;api;g_user_type;name;2;YES;varchar;20;;;;1;;;;0;0;0;
db;api;api;g_user_type;monthly_fee;3;YES;int8;;64;0;;1;;;;0;0;0;
db;api;api;g_user_type;monthly_fee_country_currency_id;4;YES;int4;;32;0;;1;;;;0;0;0;
db;api;api;g_users;id;1;NO;int4;;32;0;;1;;;;1;0;0;
db;api;api;g_users;created;2;YES;timestamp;;;;6;1;;;;0;0;0;
db;api;api;g_users;created_by;3;YES;varchar;100;;;;0;;;;0;0;0;
db;api;api;g_users;modified;4;YES;timestamp;;;;6;1;;;;0;0;0;
db;api;api;g_users;modified_by;5;YES;varchar;100;;;;0;;;;0;0;0;
db;api;api;g_users;status_id;6;NO;int4;;32;0;;1;;;;0;0;0;
db;api;api;g_users;username;7;YES;varchar;100;;;;1;;;;0;0;0;
db;api;api;g_users;password;8;YES;varchar;100;;;;0;;;;0;0;0;
db;api;api;g_users;enabled;9;NO;bool;;;;;1;;;;0;0;0;
db;api;api;g_users;external_ref;10;YES;varchar;200;;;;0;;;;0;0;0;
db;api;api;g_users;ref_id;11;YES;varchar;200;;;;1;;;;0;0;0;
db;api;api;g_users;initial_tax_country;12;YES;varchar;3;;;;0;;;;0;0;0;
db;api;api;g_users;initial_tax_number;13;YES;varchar;50;;;;0;;;;0;0;0;
db;api;api;g_users;onboarding_version;14;YES;int4;;32;0;;0;;;;0;0;0;
db;api;api;g_users;locale_id;15;YES;int4;;32;0;;0;;;;0;0;0;
db;api;api;g_users;original_username;16;YES;varchar;100;;;;0;;;;0;0;0;
db;api;api;g_user_type_benefit;id;1;NO;integer;;32;0;;0;;;;0;0;0;
db;api;api;g_user_type_benefit;user_type_id;2;NO;integer;;32;0;;0;;;;0;0;0;
db;api;api;g_user_type_benefit;benefit_id;3;NO;integer;;32;0;;0;;;;0;0;0;
db;api;api;g_user_type_benefit;measure;4;NO;bigint;;64;0;;0;;;;0;0;0;
db;api;api;g_user_type_history;id;1;NO;int4;;32;;;1;;;;1;0;0;
db;api;api;g_user_type_history;user_id;2;YES;int4;;32;;;1;;;;0;0;0;
db;api;api;g_user_type_history;user_type_id;3;YES;int4;;32;;;1;;;;0;0;0;
db;api;api;g_user_type_history;created;4;YES;timestamp;;;;6;1;;;;0;0;0;
db;api;api;g_user_type_history;modified;5;YES;timestamp;;;;6;1;;;;0;0;0;
db;api;api;g_user_type_history;bill_period_from;6;YES;date;;;;0;1;;;;0;0;0;
db;api;api;g_user_type_history;bill_period_to;7;YES;date;;;;0;1;;;;0;0;0;
db;api;api;g_user_type_history;fee;8;YES;int4;;32;;;1;;;;0;0;0;
db;api;api;g_user_type_history;country_currency_id;9;YES;int4;;32;;;1;;;;0;0;0;
db;api;api;g_user_type_history;status;10;NO;varchar;50;;;;1;;;;0;0;0;
db;api;api;g_user_type_history;charge_on;11;YES;date;;;;0;1;;;;0;0;0;
db;api;api;g_card_authorization_decline;id;1;NO;int8;;64;;;1;;;;1;0;0;
db;api;api;g_card_authorization_decline;amount_precision;2;YES;int4;;32;;;1;;;;0;0;0;
db;api;api;g_card_authorization_decline;amount_value;3;YES;int8;;64;;;1;;;;0;0;0;
db;api;api;g_card_authorization_decline;attempted_at;4;YES;timestamp;;;;6;1;;;;0;0;0;
db;api;api;g_card_authorization_decline;original_amount_precision;5;YES;int4;;32;;;0;;;;0;0;0;
db;api;api;g_card_authorization_decline;original_amount_value;6;YES;int8;;64;;;0;;;;0;0;0;
db;api;api;g_card_authorization_decline;ref_id;7;YES;varchar;100;;;;0;;;;0;0;0;
db;api;api;g_card_authorization_decline;status;8;YES;varchar;100;;;;1;;;;0;0;0;
db;api;api;g_card_authorization_decline;transaction_type;9;YES;varchar;100;;;;1;;;;0;0;0;
db;api;api;g_card_authorization_decline;amount_currency_id;10;YES;int4;;32;;;1;;;;0;0;0;
db;api;api;g_card_authorization_decline;card_id;11;YES;int4;;32;;;1;;;;0;0;0;
db;api;api;g_card_authorization_decline;merchant_id;12;YES;int8;;64;;;1;;;;0;0;0;
db;api;api;g_card_authorization_decline;original_amount_currency_id;13;YES;int4;;32;;;0;;;;0;0;0;
db;api;api;g_card_authorization_decline;pos_entry_mode_id;14;YES;int4;;32;;;0;;;;0;0;0;
db;api;api;g_card_authorization_decline;reason_id;15;YES;int4;;32;;;0;;;;0;0;0;
db;api;api;g_card_authorization_decline;booking_category_id;16;YES;int4;;32;;;0;;;;0;0;0;
db;api;api;g_card_authorization_decline;hash;17;YES;varchar;255;;;;0;;;;0;0;0;
db;api;api;g_seizure;id;1;NO;integer;;32;0;;1;;;;1;0;0;
db;api;api;g_seizure;ref_id;2;NO;character varying;36;;;;0;;;;0;0;0;
db;api;api;g_seizure;external_ref_id;3;NO;character varying;100;;;;0;;;;0;0;0;
db;api;api;g_seizure;seizure_type_id;4;NO;integer;;32;0;;0;;;;0;0;0;
db;api;api;g_seizure;webhook_event_type;5;YES;character varying;100;;;;0;;;;0;0;0;
db;api;api;g_seizure;creation_date;6;YES;date;;;;0;1;;;;0;0;0;
db;api;api;g_seizure;delivery_date;7;YES;date;;;;0;1;;;;0;0;0;
db;api;api;g_seizure;enactment_date;8;YES;date;;;;0;1;;;;0;0;0;
db;api;api;g_seizure;resolution_case_number;9;YES;character varying;100;;;;0;;;;0;0;0;
db;api;api;g_seizure;status;10;YES;character varying;100;;;;1;;;;0;0;0;
db;api;api;g_seizure;amount;11;YES;integer;;32;0;;1;;;;0;0;0;
db;api;api;g_seizure;country_currency_id;12;YES;integer;;32;0;;1;;;;0;0;0;
db;api;api;g_seizure;additional_cost;13;YES;integer;;32;0;;0;;;;0;0;0;
db;api;api;g_seizure;add_cost_country_currency_id;14;YES;integer;;32;0;;0;;;;0;0;0;
db;api;api;g_seizure;debtor_seizure_rep_id;15;YES;integer;;32;0;;0;;;;0;0;0;
db;api;api;g_seizure;creditor_seizure_rep_id;16;YES;integer;;32;0;;0;;;;0;0;0;
db;api;api;g_seizure;creditrep_seizure_rep_id;17;YES;integer;;32;0;;0;;;;0;0;0;
db;api;api;g_seizure;account_id;18;YES;integer;;32;0;;1;;;;0;0;0;
db;api;api;g_user_verification;id;1;NO;integer;;32;0;;1;;;;1;0;0;
db;api;api;g_user_verification;ref_id;2;YES;character varying;200;;;;0;;;;0;0;0;
db;api;api;g_user_verification;created;3;YES;timestamp without time zone;;;;6;1;;;;0;0;0;
db;api;api;g_user_verification;created_by;4;YES;character varying;100;;;;0;;;;0;0;0;
db;api;api;g_user_verification;modified;5;YES;timestamp without time zone;;;;6;1;;;;0;0;0;
db;api;api;g_user_verification;modified_by;6;YES;character varying;100;;;;0;;;;0;0;0;
db;api;api;g_user_verification;user_verification_type_id;7;NO;integer;;32;0;;1;;;;0;0;0;
db;api;api;g_user_verification;user_id;8;NO;integer;;32;0;;1;;;;0;0;0;
db;api;api;g_user_verification;status_id;9;NO;integer;;32;0;;1;;;;0;0;0;
db;api;api;g_user_verification;valid_until;10;YES;timestamp without time zone;;;;6;1;;;;0;0;0;
db;api;api;g_user_verification;token;11;NO;text;;;;;0;;;;0;0;0;
db;api;api;g_user_verification_type;id;1;NO;integer;;32;0;;1;;;;1;0;0;
db;api;api;g_user_verification_type;name;2;YES;text;;;;;1;;;;0;0;0;
db;api;api;g_user_verification_type;description;3;YES;text;;;;;1;;;;0;0;0;
db;api;api;g_vault;id;1;NO;integer;;32;0;;1;;;;1;0;0;
db;api;api;g_vault;balance;2;NO;bigint;;64;0;;1;;;;0;0;0;
db;api;api;g_vault;created_at;3;YES;timestamp without time zone;;;;6;1;;;;0;0;0;
db;api;api;g_vault;modified_at;4;YES;timestamp without time zone;;;;6;1;;;;0;0;0;
db;api;api;g_vault;name;5;NO;character varying;200;;;;1;;;;0;0;0;
db;api;api;g_vault;ref_id;6;NO;character varying;36;;;;0;;;;0;0;0;
db;api;api;g_vault;account_id;7;NO;integer;;32;0;;1;;;;0;0;0;
db;api;api;g_vault;country_currency_id;8;NO;integer;;32;0;;1;;;;0;0;0;
db;api;api;g_vault;kind_id;9;NO;integer;;32;0;;1;;;;0;0;0;
db;api;api;g_vault;status_id;10;NO;integer;;32;0;;1;;;;0;0;0;
db;api;api;g_vault;goal_amount;11;YES;bigint;;64;0;;0;;;;0;0;0;
db;api;api;g_vault;image_identifier;12;NO;character varying;15;;;;0;;;;0;0;0;
db;api;api;g_vault;show_in_main_balance;13;NO;boolean;;;;;0;;;;0;0;0;
db;api;api;g_vault_kind;id;1;NO;integer;;32;0;;1;;;;1;0;0;
db;api;api;g_vault_kind;kind;2;NO;character varying;50;;;;1;;;;0;0;0;
db;api;api;g_vault_status;id;1;NO;integer;;32;0;;1;;;;1;0;0;
db;api;api;g_vault_status;status;2;NO;character varying;50;;;;1;;;;0;0;0;
db;api;api;g_vault_transaction;id;1;NO;bigint;;64;0;;0;;;;0;0;0;
db;api;api;g_vault_transaction;amount;2;NO;bigint;;64;0;;0;;;;0;0;0;
db;api;api;g_vault_transaction;created_at;3;YES;timestamp without time zone;;;;6;0;;;;0;0;0;
db;api;api;g_vault_transaction;modified_at;4;YES;timestamp without time zone;;;;6;0;;;;0;0;0;
db;api;api;g_vault_transaction;ref_id;5;NO;character varying;36;;;;0;;;;0;0;0;
db;api;api;g_vault_transaction;reference;6;NO;character varying;36;;;;0;;;;0;0;0;
db;api;api;g_vault_transaction;from_vault_id;7;NO;integer;;32;0;;0;;;;0;0;0;
db;api;api;g_vault_transaction;to_vault_id;8;NO;integer;;32;0;;0;;;;0;0;0;
db;api;api;g_vault_transaction;transaction_id;9;YES;bigint;;64;0;;0;;;;0;0;0;
db;api;api;g_vault_transaction;incoming_booking_id;10;YES;bigint;;64;0;;0;;;;0;0;0;
db;api;api;g_waiting_customers;id;1;NO;integer;;32;0;;0;;;;0;0;0;
db;api;api;g_waiting_customers;birth_date;2;YES;date;;;;0;0;;;;0;0;0;
db;api;api;g_waiting_customers;email;3;NO;character varying;50;;;;0;;;;0;0;0;
db;api;api;g_waiting_customers;first_name;4;YES;character varying;50;;;;0;;;;0;0;0;
db;api;api;g_waiting_customers;last_name;5;YES;character varying;50;;;;0;;;;0;0;0;
db;api;api;g_waiting_customers;ref_id;6;NO;character varying;255;;;;0;;;;0;0;0;
db;api;api;g_waiting_customers;country_id;7;YES;integer;;32;0;;0;;;;0;0;0;
db;api;api;g_waiting_customers;freshsales_lead_id;8;YES;bigint;;64;0;;0;;;;0;0;0;
db;api;api;g_waiting_customers;waiting_list_token;9;YES;text;;;;;0;;;;0;0;0;
db;api;api;g_waiting_customers;creation_date;10;NO;timestamp without time zone;;;;6;0;;;;0;0;0;
db;api;api;g_waiting_customers;origin;11;NO;integer;;32;0;;0;;;;0;0;0;
db;api;api;g_waiting_customers;score;12;NO;bigint;;64;0;;0;;;;0;0;0;
db;api;api;g_waiting_customers;waiting;13;NO;boolean;;;;;0;;;;0;0;0;
db;api;api;g_waiting_customers;activation_code;14;YES;character varying;255;;;;0;;;;0;0;0;
db;api;api;g_waiting_customers;nationality_id;15;YES;integer;;32;0;;0;;;;0;0;0;
